month,platform,category,represented_sors,automated_detection_numerator,automated_detection_rate,fully_automated_decision_numerator,fully_automated_decision_rate,any_automated_decision_numerator,decision_with_any_automation_rate
2025-07,TikTok,STATEMENT_CATEGORY_OTHER_VIOLATION_TC,17930749,17548554,0.97868494,16218281,0.90449546,16218429,0.90450371
2025-07,TikTok,STATEMENT_CATEGORY_SCAMS_AND_FRAUD,440568,433327,0.9835644,380145,0.86285205,380158,0.86288155
2025-07,TikTok,STATEMENT_CATEGORY_ILLEGAL_OR_HARMFUL_SPEECH,11647731,11542883,0.99099842,11457664,0.98368206,11457665,0.98368214
2025-07,TikTok,STATEMENT_CATEGORY_NEGATIVE_EFFECTS_ON_CIVIC_DISCOURSE_OR_ELECTIONS,1281752,1278081,0.99713595,1264360,0.98643107,1264360,0.98643107
2025-07,TikTok,STATEMENT_CATEGORY_VIOLENCE,802367,780627,0.97290517,729883,0.90966229,729883,0.90966229
2025-07,TikTok,STATEMENT_CATEGORY_DATA_PROTECTION_AND_PRIVACY_VIOLATIONS,160482,159133,0.99159407,158035,0.98475218,158035,0.98475218
2025-07,TikTok,STATEMENT_CATEGORY_PROTECTION_OF_MINORS,695200,671484,0.96588608,326588,0.4697756,326757,0.4700187
2025-07,TikTok,STATEMENT_CATEGORY_UNSAFE_AND_PROHIBITED_PRODUCTS,126,36,0.28571429,34,0.26984127,34,0.26984127
2025-07,TikTok,STATEMENT_CATEGORY_INTELLECTUAL_PROPERTY_INFRINGEMENTS,28209,19725,0.69924492,21031,0.7455422,21038,0.74579035
2025-07,TikTok,STATEMENT_CATEGORY_SELF_HARM,50168,47079,0.93842689,22564,0.44976878,22564,0.44976878
2025-07,TikTok,STATEMENT_CATEGORY_ANIMAL_WELFARE,42749,41956,0.98144986,36306,0.84928302,36306,0.84928302
2025-07,TikTok,STATEMENT_CATEGORY_RISK_FOR_PUBLIC_SECURITY,89,0,0.0,0,0.0,0,0.0
2025-07,TikTok,STATEMENT_CATEGORY_CYBER_VIOLENCE,691,0,0.0,0,0.0,0,0.0
2025-07,TikTok,STATEMENT_CATEGORY_SCOPE_OF_PLATFORM_SERVICE,555,496,0.89369369,279,0.5027027,279,0.5027027
2025-07,TikTok,STATEMENT_CATEGORY_PORNOGRAPHY_OR_SEXUALIZED_CONTENT,137,137,1.0,1,0.00729927,1,0.00729927
2025-07,YouTube,STATEMENT_CATEGORY_OTHER_VIOLATION_TC,5525148,5495516,0.99463689,3941131,0.71330777,4014353,0.72656027
2025-07,YouTube,STATEMENT_CATEGORY_SCAMS_AND_FRAUD,1058186,1057293,0.9991561,5295,0.00500385,6066,0.00573245
2025-07,YouTube,STATEMENT_CATEGORY_ILLEGAL_OR_HARMFUL_SPEECH,5463,5286,0.96760022,5,0.00091525,5265,0.96375618
2025-07,YouTube,STATEMENT_CATEGORY_NEGATIVE_EFFECTS_ON_CIVIC_DISCOURSE_OR_ELECTIONS,3198,3171,0.99155722,2873,0.89837398,2873,0.89837398
2025-07,YouTube,STATEMENT_CATEGORY_VIOLENCE,7109,6961,0.97918132,387,0.05443804,387,0.05443804
2025-07,YouTube,STATEMENT_CATEGORY_DATA_PROTECTION_AND_PRIVACY_VIOLATIONS,6981,4540,0.65033663,0,0.0,4525,0.64818794
2025-07,YouTube,STATEMENT_CATEGORY_PROTECTION_OF_MINORS,96398,96396,0.99997925,0,0.0,96396,0.99997925
2025-07,YouTube,STATEMENT_CATEGORY_CONSUMER_INFORMATION,247030,226747,0.91789256,113764,0.46052706,113764,0.46052706
2025-07,YouTube,STATEMENT_CATEGORY_UNSAFE_AND_PROHIBITED_PRODUCTS,740036,728457,0.98435346,527987,0.71346124,706005,0.9540144
2025-07,YouTube,STATEMENT_CATEGORY_INTELLECTUAL_PROPERTY_INFRINGEMENTS,30132,2037,0.06760255,165,0.00547591,24620,0.81707155
2025-07,YouTube,STATEMENT_CATEGORY_ANIMAL_WELFARE,10,6,0.6,0,0.0,0,0.0
2025-07,YouTube,STATEMENT_CATEGORY_RISK_FOR_PUBLIC_SECURITY,257,15,0.05836576,0,0.0,0,0.0
2025-07,Instagram,STATEMENT_CATEGORY_OTHER_VIOLATION_TC,2241589,1992105,0.88870217,0,0.0,1992105,0.88870217
2025-07,Instagram,STATEMENT_CATEGORY_SCAMS_AND_FRAUD,3392154,3357155,0.98968237,0,0.0,3357155,0.98968237
2025-07,Instagram,STATEMENT_CATEGORY_ILLEGAL_OR_HARMFUL_SPEECH,162233,120317,0.74163086,0,0.0,120317,0.74163086
2025-07,Instagram,STATEMENT_CATEGORY_NEGATIVE_EFFECTS_ON_CIVIC_DISCOURSE_OR_ELECTIONS,1,0,0.0,0,0.0,0,0.0
2025-07,Instagram,STATEMENT_CATEGORY_VIOLENCE,152609,135256,0.88629111,0,0.0,135256,0.88629111
2025-07,Instagram,STATEMENT_CATEGORY_DATA_PROTECTION_AND_PRIVACY_VIOLATIONS,1034907,1033654,0.99878926,0,0.0,1033654,0.99878926
2025-07,Instagram,STATEMENT_CATEGORY_PROTECTION_OF_MINORS,96656,76847,0.7950567,0,0.0,76847,0.7950567
2025-07,Instagram,STATEMENT_CATEGORY_UNSAFE_AND_PROHIBITED_PRODUCTS,105218,96378,0.91598396,0,0.0,96378,0.91598396
2025-07,Instagram,STATEMENT_CATEGORY_INTELLECTUAL_PROPERTY_INFRINGEMENTS,28502,12179,0.42730335,0,0.0,12179,0.42730335
2025-07,Instagram,STATEMENT_CATEGORY_SELF_HARM,22446,17495,0.77942618,0,0.0,17495,0.77942618
2025-07,Instagram,STATEMENT_CATEGORY_CYBER_VIOLENCE,14983,10033,0.66962558,0,0.0,10033,0.66962558
2025-08,TikTok,STATEMENT_CATEGORY_OTHER_VIOLATION_TC,32066459,31406015,0.9794039,29425943,0.91765489,29426160,0.91766166
2025-08,TikTok,STATEMENT_CATEGORY_SCAMS_AND_FRAUD,720048,699705,0.97174772,614722,0.85372364,614742,0.85375142
2025-08,TikTok,STATEMENT_CATEGORY_ILLEGAL_OR_HARMFUL_SPEECH,10342009,10163787,0.98276718,10039494,0.97074891,10039494,0.97074891
2025-08,TikTok,STATEMENT_CATEGORY_NEGATIVE_EFFECTS_ON_CIVIC_DISCOURSE_OR_ELECTIONS,2321042,2312266,0.99621894,2288338,0.98590978,2288338,0.98590978
2025-08,TikTok,STATEMENT_CATEGORY_VIOLENCE,1374019,1340589,0.97566991,1269359,0.92382929,1269359,0.92382929
2025-08,TikTok,STATEMENT_CATEGORY_DATA_PROTECTION_AND_PRIVACY_VIOLATIONS,343372,338563,0.98599478,337471,0.98281456,337471,0.98281456
2025-08,TikTok,STATEMENT_CATEGORY_PROTECTION_OF_MINORS,1135996,1053359,0.92725591,591299,0.52051152,591448,0.52064268
2025-08,TikTok,STATEMENT_CATEGORY_UNSAFE_AND_PROHIBITED_PRODUCTS,380,93,0.24473684,91,0.23947368,91,0.23947368
2025-08,TikTok,STATEMENT_CATEGORY_INTELLECTUAL_PROPERTY_INFRINGEMENTS,42980,5864,0.13643555,19423,0.45190786,19426,0.45197766
2025-08,TikTok,STATEMENT_CATEGORY_SELF_HARM,77179,69255,0.89732958,41909,0.5430104,41909,0.5430104
2025-08,TikTok,STATEMENT_CATEGORY_ANIMAL_WELFARE,66200,64340,0.97190332,56723,0.8568429,56723,0.8568429
2025-08,TikTok,STATEMENT_CATEGORY_RISK_FOR_PUBLIC_SECURITY,174,0,0.0,0,0.0,0,0.0
2025-08,TikTok,STATEMENT_CATEGORY_CYBER_VIOLENCE,960,3,0.003125,0,0.0,0,0.0
2025-08,YouTube,STATEMENT_CATEGORY_OTHER_VIOLATION_TC,2886150,2857357,0.99002373,2618282,0.90718847,2818552,0.97657849
2025-08,YouTube,STATEMENT_CATEGORY_SCAMS_AND_FRAUD,1626473,1624499,0.99878633,7334,0.00450914,8469,0.00520697
2025-08,YouTube,STATEMENT_CATEGORY_ILLEGAL_OR_HARMFUL_SPEECH,7134,7055,0.98892627,4,0.0005607,7044,0.98738436
2025-08,YouTube,STATEMENT_CATEGORY_NEGATIVE_EFFECTS_ON_CIVIC_DISCOURSE_OR_ELECTIONS,2983,2961,0.99262487,2668,0.89440161,2668,0.89440161
2025-08,YouTube,STATEMENT_CATEGORY_VIOLENCE,9055,8952,0.98862507,619,0.06836002,619,0.06836002
2025-08,YouTube,STATEMENT_CATEGORY_DATA_PROTECTION_AND_PRIVACY_VIOLATIONS,5881,3059,0.52014963,0,0.0,3053,0.5191294
2025-08,YouTube,STATEMENT_CATEGORY_PROTECTION_OF_MINORS,114424,114410,0.99987765,0,0.0,114408,0.99986017
2025-08,YouTube,STATEMENT_CATEGORY_CONSUMER_INFORMATION,1544115,1520389,0.98463456,164998,0.10685603,164998,0.10685603
2025-08,YouTube,STATEMENT_CATEGORY_UNSAFE_AND_PROHIBITED_PRODUCTS,568597,560481,0.98572627,463439,0.81505706,525025,0.92336928
2025-08,YouTube,STATEMENT_CATEGORY_INTELLECTUAL_PROPERTY_INFRINGEMENTS,41444,5697,0.1374626,77,0.00185793,25347,0.61159637
2025-08,YouTube,STATEMENT_CATEGORY_ANIMAL_WELFARE,20,1,0.05,0,0.0,0,0.0
2025-08,YouTube,STATEMENT_CATEGORY_RISK_FOR_PUBLIC_SECURITY,226,22,0.09734513,0,0.0,0,0.0
2025-08,YouTube,STATEMENT_CATEGORY_CYBER_VIOLENCE,44,0,0.0,0,0.0,0,0.0
2025-08,Instagram,STATEMENT_CATEGORY_OTHER_VIOLATION_TC,2629972,2302802,0.87559944,0,0.0,2302802,0.87559944
2025-08,Instagram,STATEMENT_CATEGORY_SCAMS_AND_FRAUD,4949976,4912481,0.99242522,0,0.0,4912481,0.99242522
2025-08,Instagram,STATEMENT_CATEGORY_ILLEGAL_OR_HARMFUL_SPEECH,98288,61822,0.62898828,0,0.0,61822,0.62898828
2025-08,Instagram,STATEMENT_CATEGORY_NEGATIVE_EFFECTS_ON_CIVIC_DISCOURSE_OR_ELECTIONS,1,0,0.0,0,0.0,0,0.0
2025-08,Instagram,STATEMENT_CATEGORY_VIOLENCE,669863,652412,0.9739484,0,0.0,652412,0.9739484
2025-08,Instagram,STATEMENT_CATEGORY_DATA_PROTECTION_AND_PRIVACY_VIOLATIONS,940790,939909,0.99906355,0,0.0,939909,0.99906355
2025-08,Instagram,STATEMENT_CATEGORY_PROTECTION_OF_MINORS,112319,87658,0.78043786,0,0.0,87658,0.78043786
2025-08,Instagram,STATEMENT_CATEGORY_UNSAFE_AND_PROHIBITED_PRODUCTS,274010,262210,0.95693588,0,0.0,262210,0.95693588
2025-08,Instagram,STATEMENT_CATEGORY_INTELLECTUAL_PROPERTY_INFRINGEMENTS,26430,10406,0.39371926,0,0.0,10406,0.39371926
2025-08,Instagram,STATEMENT_CATEGORY_SELF_HARM,19338,13924,0.7200331,0,0.0,13924,0.7200331
2025-08,Instagram,STATEMENT_CATEGORY_CYBER_VIOLENCE,15746,11312,0.71840467,0,0.0,11312,0.71840467
2025-09,TikTok,STATEMENT_CATEGORY_OTHER_VIOLATION_TC,3503622,3430882,0.97923863,3261823,0.93098599,3261838,0.93099027
2025-09,TikTok,STATEMENT_CATEGORY_SCAMS_AND_FRAUD,93466,90931,0.97287784,77352,0.82759506,77352,0.82759506
2025-09,TikTok,STATEMENT_CATEGORY_ILLEGAL_OR_HARMFUL_SPEECH,1136598,1117282,0.98300542,1103572,0.97094311,1103572,0.97094311
2025-09,TikTok,STATEMENT_CATEGORY_NEGATIVE_EFFECTS_ON_CIVIC_DISCOURSE_OR_ELECTIONS,277020,275662,0.99509783,272870,0.98501913,272870,0.98501913
2025-09,TikTok,STATEMENT_CATEGORY_VIOLENCE,147035,143344,0.97489713,135733,0.92313395,135733,0.92313395
2025-09,TikTok,STATEMENT_CATEGORY_DATA_PROTECTION_AND_PRIVACY_VIOLATIONS,49038,47636,0.97140993,47757,0.9738774,47757,0.9738774
2025-09,TikTok,STATEMENT_CATEGORY_PROTECTION_OF_MINORS,135031,127587,0.94487192,70067,0.51889566,70086,0.51903637
2025-09,TikTok,STATEMENT_CATEGORY_UNSAFE_AND_PROHIBITED_PRODUCTS,78,7,0.08974359,7,0.08974359,7,0.08974359
2025-09,TikTok,STATEMENT_CATEGORY_INTELLECTUAL_PROPERTY_INFRINGEMENTS,6427,952,0.1481251,3327,0.51765987,3327,0.51765987
2025-09,TikTok,STATEMENT_CATEGORY_SELF_HARM,11608,10977,0.94564094,7894,0.68004824,7894,0.68004824
2025-09,TikTok,STATEMENT_CATEGORY_ANIMAL_WELFARE,6893,6734,0.97693312,6032,0.87509067,6032,0.87509067
2025-09,TikTok,STATEMENT_CATEGORY_RISK_FOR_PUBLIC_SECURITY,33,0,0.0,0,0.0,0,0.0
2025-09,TikTok,STATEMENT_CATEGORY_CYBER_VIOLENCE,303,0,0.0,0,0.0,0,0.0
2025-09,YouTube,STATEMENT_CATEGORY_OTHER_VIOLATION_TC,3232740,3193412,0.98783447,2954271,0.91385976,3166380,0.97947252
2025-09,YouTube,STATEMENT_CATEGORY_SCAMS_AND_FRAUD,4960423,4959770,0.99986836,8626,0.00173896,10626,0.00214216
2025-09,YouTube,STATEMENT_CATEGORY_ILLEGAL_OR_HARMFUL_SPEECH,6234,6036,0.96823869,6,0.00096246,5955,0.95524543
2025-09,YouTube,STATEMENT_CATEGORY_NEGATIVE_EFFECTS_ON_CIVIC_DISCOURSE_OR_ELECTIONS,100871,98017,0.97170644,31957,0.31681058,31957,0.31681058
2025-09,YouTube,STATEMENT_CATEGORY_VIOLENCE,3443,3343,0.97095556,647,0.18791751,647,0.18791751
2025-09,YouTube,STATEMENT_CATEGORY_DATA_PROTECTION_AND_PRIVACY_VIOLATIONS,6248,3649,0.58402689,0,0.0,3644,0.58322663
2025-09,YouTube,STATEMENT_CATEGORY_PROTECTION_OF_MINORS,81848,81843,0.99993891,0,0.0,81843,0.99993891
2025-09,YouTube,STATEMENT_CATEGORY_CONSUMER_INFORMATION,486698,460553,0.94628086,310869,0.63873079,310869,0.63873079
2025-09,YouTube,STATEMENT_CATEGORY_UNSAFE_AND_PROHIBITED_PRODUCTS,573985,566952,0.98774707,485900,0.8465378,485900,0.8465378
2025-09,YouTube,STATEMENT_CATEGORY_INTELLECTUAL_PROPERTY_INFRINGEMENTS,30282,1756,0.05798824,61,0.0020144,21449,0.70830857
2025-09,YouTube,STATEMENT_CATEGORY_ANIMAL_WELFARE,16,4,0.25,0,0.0,0,0.0
2025-09,YouTube,STATEMENT_CATEGORY_RISK_FOR_PUBLIC_SECURITY,182,15,0.08241758,0,0.0,0,0.0
2025-09,YouTube,STATEMENT_CATEGORY_CYBER_VIOLENCE,34,0,0.0,0,0.0,0,0.0
2025-09,Instagram,STATEMENT_CATEGORY_OTHER_VIOLATION_TC,1603648,1358560,0.84716846,0,0.0,1358560,0.84716846
2025-09,Instagram,STATEMENT_CATEGORY_SCAMS_AND_FRAUD,5292175,5266012,0.99505629,0,0.0,5266012,0.99505629
2025-09,Instagram,STATEMENT_CATEGORY_ILLEGAL_OR_HARMFUL_SPEECH,75458,42882,0.56828964,0,0.0,42882,0.56828964
2025-09,Instagram,STATEMENT_CATEGORY_VIOLENCE,152134,133423,0.87700974,0,0.0,133423,0.87700974
2025-09,Instagram,STATEMENT_CATEGORY_DATA_PROTECTION_AND_PRIVACY_VIOLATIONS,1019099,1018294,0.99921009,0,0.0,1018294,0.99921009
2025-09,Instagram,STATEMENT_CATEGORY_PROTECTION_OF_MINORS,112510,94252,0.83772109,0,0.0,94252,0.83772109
2025-09,Instagram,STATEMENT_CATEGORY_UNSAFE_AND_PROHIBITED_PRODUCTS,64986,55780,0.85833872,0,0.0,55780,0.85833872
2025-09,Instagram,STATEMENT_CATEGORY_INTELLECTUAL_PROPERTY_INFRINGEMENTS,29053,13566,0.46693973,0,0.0,13566,0.46693973
2025-09,Instagram,STATEMENT_CATEGORY_SELF_HARM,11546,6053,0.52425082,0,0.0,6053,0.52425082
2025-09,Instagram,STATEMENT_CATEGORY_CYBER_VIOLENCE,18083,12069,0.66742244,0,0.0,12069,0.66742244
2025-10,TikTok,STATEMENT_CATEGORY_OTHER_VIOLATION_TC,30724397,30004676,0.97657493,28193706,0.91763253,28193855,0.91763737
2025-10,TikTok,STATEMENT_CATEGORY_SCAMS_AND_FRAUD,551826,532640,0.96523179,464146,0.84110934,464152,0.84112021
2025-10,TikTok,STATEMENT_CATEGORY_ILLEGAL_OR_HARMFUL_SPEECH,7456144,7317611,0.98142029,7210143,0.96700694,7210143,0.96700694
2025-10,TikTok,STATEMENT_CATEGORY_NEGATIVE_EFFECTS_ON_CIVIC_DISCOURSE_OR_ELECTIONS,2162945,2150335,0.99416999,2133789,0.98652023,2133789,0.98652023
2025-10,TikTok,STATEMENT_CATEGORY_VIOLENCE,1071825,1046441,0.97631703,1001431,0.93432323,1001431,0.93432323
2025-10,TikTok,STATEMENT_CATEGORY_DATA_PROTECTION_AND_PRIVACY_VIOLATIONS,258295,253053,0.97970538,252113,0.97606613,252113,0.97606613
2025-10,TikTok,STATEMENT_CATEGORY_PROTECTION_OF_MINORS,907692,827456,0.91160438,452463,0.49847636,452538,0.49855898
2025-10,TikTok,STATEMENT_CATEGORY_UNSAFE_AND_PROHIBITED_PRODUCTS,359,26,0.0724234,26,0.0724234,26,0.0724234
2025-10,TikTok,STATEMENT_CATEGORY_INTELLECTUAL_PROPERTY_INFRINGEMENTS,46027,12612,0.27401308,25328,0.5502857,25331,0.55035088
2025-10,TikTok,STATEMENT_CATEGORY_SELF_HARM,72635,68533,0.94352585,47225,0.65016865,47225,0.65016865
2025-10,TikTok,STATEMENT_CATEGORY_ANIMAL_WELFARE,48634,47562,0.97795781,42176,0.86721224,42176,0.86721224
2025-10,TikTok,STATEMENT_CATEGORY_RISK_FOR_PUBLIC_SECURITY,200,0,0.0,0,0.0,0,0.0
2025-10,TikTok,STATEMENT_CATEGORY_CYBER_VIOLENCE,1203,0,0.0,0,0.0,0,0.0
2025-10,YouTube,STATEMENT_CATEGORY_OTHER_VIOLATION_TC,3806483,3763151,0.98861626,3412931,0.89661007,3682248,0.96736226
2025-10,YouTube,STATEMENT_CATEGORY_SCAMS_AND_FRAUD,3516855,3516106,0.99978703,6901,0.00196226,10723,0.00304903
2025-10,YouTube,STATEMENT_CATEGORY_ILLEGAL_OR_HARMFUL_SPEECH,5651,5528,0.97823394,4,0.00070784,5509,0.9748717
2025-10,YouTube,STATEMENT_CATEGORY_NEGATIVE_EFFECTS_ON_CIVIC_DISCOURSE_OR_ELECTIONS,50270,50144,0.99749353,6502,0.12934156,6502,0.12934156
2025-10,YouTube,STATEMENT_CATEGORY_VIOLENCE,3335,3233,0.96941529,990,0.29685157,990,0.29685157
2025-10,YouTube,STATEMENT_CATEGORY_DATA_PROTECTION_AND_PRIVACY_VIOLATIONS,6955,4396,0.63206326,0,0.0,4391,0.63134436
2025-10,YouTube,STATEMENT_CATEGORY_PROTECTION_OF_MINORS,61612,61610,0.99996754,0,0.0,61607,0.99991885
2025-10,YouTube,STATEMENT_CATEGORY_CONSUMER_INFORMATION,555873,544284,0.97915171,423917,0.76261484,423917,0.76261484
2025-10,YouTube,STATEMENT_CATEGORY_UNSAFE_AND_PROHIBITED_PRODUCTS,694504,688149,0.99084958,667140,0.96059922,667140,0.96059922
2025-10,YouTube,STATEMENT_CATEGORY_INTELLECTUAL_PROPERTY_INFRINGEMENTS,31807,4193,0.13182633,20,0.00062879,23477,0.73810796
2025-10,YouTube,STATEMENT_CATEGORY_ANIMAL_WELFARE,51,28,0.54901961,0,0.0,0,0.0
2025-10,YouTube,STATEMENT_CATEGORY_RISK_FOR_PUBLIC_SECURITY,185,10,0.05405405,0,0.0,0,0.0
2025-10,YouTube,STATEMENT_CATEGORY_CYBER_VIOLENCE,79,0,0.0,0,0.0,0,0.0
2025-10,Instagram,STATEMENT_CATEGORY_OTHER_VIOLATION_TC,1742223,1482925,0.85116831,0,0.0,1482925,0.85116831
2025-10,Instagram,STATEMENT_CATEGORY_SCAMS_AND_FRAUD,7105666,7080222,0.9964192,0,0.0,7080222,0.9964192
2025-10,Instagram,STATEMENT_CATEGORY_ILLEGAL_OR_HARMFUL_SPEECH,74418,37553,0.50462254,0,0.0,37553,0.50462254
2025-10,Instagram,STATEMENT_CATEGORY_NEGATIVE_EFFECTS_ON_CIVIC_DISCOURSE_OR_ELECTIONS,16,14,0.875,0,0.0,14,0.875
2025-10,Instagram,STATEMENT_CATEGORY_VIOLENCE,148843,128900,0.86601318,0,0.0,128900,0.86601318
2025-10,Instagram,STATEMENT_CATEGORY_DATA_PROTECTION_AND_PRIVACY_VIOLATIONS,1065287,1064201,0.99898056,0,0.0,1064201,0.99898056
2025-10,Instagram,STATEMENT_CATEGORY_PROTECTION_OF_MINORS,127802,109457,0.85645765,0,0.0,109457,0.85645765
2025-10,Instagram,STATEMENT_CATEGORY_UNSAFE_AND_PROHIBITED_PRODUCTS,59823,51400,0.85920131,0,0.0,51400,0.85920131
2025-10,Instagram,STATEMENT_CATEGORY_INTELLECTUAL_PROPERTY_INFRINGEMENTS,30412,15469,0.5086479,0,0.0,15469,0.5086479
2025-10,Instagram,STATEMENT_CATEGORY_SELF_HARM,15765,9818,0.62277196,0,0.0,9818,0.62277196
2025-10,Instagram,STATEMENT_CATEGORY_CYBER_VIOLENCE,17801,12096,0.67951239,0,0.0,12096,0.67951239
2025-11,TikTok,STATEMENT_CATEGORY_OTHER_VIOLATION_TC,14434828,14043347,0.97287941,13810470,0.95674642,13810509,0.95674912
2025-11,TikTok,STATEMENT_CATEGORY_SCAMS_AND_FRAUD,239916,201826,0.8412361,181623,0.75702746,181625,0.7570358
2025-11,TikTok,STATEMENT_CATEGORY_ILLEGAL_OR_HARMFUL_SPEECH,2168671,2120567,0.97781867,2083985,0.96095028,2083985,0.96095028
2025-11,TikTok,STATEMENT_CATEGORY_NEGATIVE_EFFECTS_ON_CIVIC_DISCOURSE_OR_ELECTIONS,861052,856970,0.99525929,850014,0.9871808,850014,0.9871808
2025-11,TikTok,STATEMENT_CATEGORY_VIOLENCE,335230,326623,0.97432509,314302,0.93757122,314302,0.93757122
2025-11,TikTok,STATEMENT_CATEGORY_DATA_PROTECTION_AND_PRIVACY_VIOLATIONS,95857,94540,0.98626078,94501,0.98585393,94501,0.98585393
2025-11,TikTok,STATEMENT_CATEGORY_PROTECTION_OF_MINORS,295791,277293,0.9374626,152489,0.51552955,152499,0.51556335
2025-11,TikTok,STATEMENT_CATEGORY_UNSAFE_AND_PROHIBITED_PRODUCTS,72,13,0.18055556,13,0.18055556,13,0.18055556
2025-11,TikTok,STATEMENT_CATEGORY_INTELLECTUAL_PROPERTY_INFRINGEMENTS,17851,8665,0.48540698,14830,0.83076578,14832,0.83087782
2025-11,TikTok,STATEMENT_CATEGORY_SELF_HARM,25856,24119,0.93282024,17420,0.67373144,17420,0.67373144
2025-11,TikTok,STATEMENT_CATEGORY_ANIMAL_WELFARE,21979,21572,0.98148232,19696,0.89612812,19696,0.89612812
2025-11,TikTok,STATEMENT_CATEGORY_RISK_FOR_PUBLIC_SECURITY,25,0,0.0,0,0.0,0,0.0
2025-11,TikTok,STATEMENT_CATEGORY_CYBER_VIOLENCE,100,0,0.0,0,0.0,0,0.0
2025-11,YouTube,STATEMENT_CATEGORY_OTHER_VIOLATION_TC,2830834,2798083,0.98843062,2550093,0.90082746,2766425,0.97724734
2025-11,YouTube,STATEMENT_CATEGORY_SCAMS_AND_FRAUD,7728746,7728208,0.99993039,6068,0.00078512,8588,0.00111118
2025-11,YouTube,STATEMENT_CATEGORY_ILLEGAL_OR_HARMFUL_SPEECH,4469,4293,0.96061759,0,0.0,4232,0.946968
2025-11,YouTube,STATEMENT_CATEGORY_NEGATIVE_EFFECTS_ON_CIVIC_DISCOURSE_OR_ELECTIONS,12375,12262,0.99086869,5470,0.4420202,5470,0.4420202
2025-11,YouTube,STATEMENT_CATEGORY_VIOLENCE,4455,4387,0.98473625,2312,0.51896745,2312,0.51896745
2025-11,YouTube,STATEMENT_CATEGORY_DATA_PROTECTION_AND_PRIVACY_VIOLATIONS,6944,4673,0.67295507,0,0.0,4670,0.67252304
2025-11,YouTube,STATEMENT_CATEGORY_PROTECTION_OF_MINORS,57862,57859,0.99994815,0,0.0,57859,0.99994815
2025-11,YouTube,STATEMENT_CATEGORY_CONSUMER_INFORMATION,819462,808262,0.9863325,516178,0.62989864,516178,0.62989864
2025-11,YouTube,STATEMENT_CATEGORY_UNSAFE_AND_PROHIBITED_PRODUCTS,680606,675030,0.9918073,640103,0.9404898,640103,0.9404898
2025-11,YouTube,STATEMENT_CATEGORY_INTELLECTUAL_PROPERTY_INFRINGEMENTS,31061,3266,0.10514793,14,0.00045073,22983,0.7399311
2025-11,YouTube,STATEMENT_CATEGORY_ANIMAL_WELFARE,5,1,0.2,0,0.0,0,0.0
2025-11,YouTube,STATEMENT_CATEGORY_RISK_FOR_PUBLIC_SECURITY,203,5,0.02463054,0,0.0,0,0.0
2025-11,YouTube,STATEMENT_CATEGORY_CYBER_VIOLENCE,105,0,0.0,0,0.0,0,0.0
2025-11,Instagram,STATEMENT_CATEGORY_OTHER_VIOLATION_TC,1462500,1262852,0.86348855,0,0.0,1262852,0.86348855
2025-11,Instagram,STATEMENT_CATEGORY_SCAMS_AND_FRAUD,6235151,6221035,0.99773606,0,0.0,6221035,0.99773606
2025-11,Instagram,STATEMENT_CATEGORY_ILLEGAL_OR_HARMFUL_SPEECH,29469,18667,0.63344532,0,0.0,18667,0.63344532
2025-11,Instagram,STATEMENT_CATEGORY_NEGATIVE_EFFECTS_ON_CIVIC_DISCOURSE_OR_ELECTIONS,1,0,0.0,0,0.0,0,0.0
2025-11,Instagram,STATEMENT_CATEGORY_VIOLENCE,132731,125120,0.94265846,0,0.0,125120,0.94265846
2025-11,Instagram,STATEMENT_CATEGORY_DATA_PROTECTION_AND_PRIVACY_VIOLATIONS,1122708,1122074,0.99943529,0,0.0,1122074,0.99943529
2025-11,Instagram,STATEMENT_CATEGORY_PROTECTION_OF_MINORS,120903,109565,0.90622234,0,0.0,109565,0.90622234
2025-11,Instagram,STATEMENT_CATEGORY_UNSAFE_AND_PROHIBITED_PRODUCTS,29645,24658,0.83177602,0,0.0,24658,0.83177602
2025-11,Instagram,STATEMENT_CATEGORY_INTELLECTUAL_PROPERTY_INFRINGEMENTS,26585,7294,0.27436524,0,0.0,7294,0.27436524
2025-11,Instagram,STATEMENT_CATEGORY_SELF_HARM,6410,3644,0.56848674,0,0.0,3644,0.56848674
2025-11,Instagram,STATEMENT_CATEGORY_CYBER_VIOLENCE,10195,8147,0.79911721,0,0.0,8147,0.79911721
2025-12,TikTok,STATEMENT_CATEGORY_OTHER_VIOLATION_TC,15325726,14562047,0.95017013,13845634,0.90342435,13845787,0.90343433
2025-12,TikTok,STATEMENT_CATEGORY_SCAMS_AND_FRAUD,426416,389295,0.91294651,345413,0.81003762,345443,0.81010797
2025-12,TikTok,STATEMENT_CATEGORY_ILLEGAL_OR_HARMFUL_SPEECH,2499150,2391130,0.9567773,2298269,0.91962027,2298272,0.91962147
2025-12,TikTok,STATEMENT_CATEGORY_NEGATIVE_EFFECTS_ON_CIVIC_DISCOURSE_OR_ELECTIONS,1344391,1329616,0.98900989,1313170,0.97677685,1313170,0.97677685
2025-12,TikTok,STATEMENT_CATEGORY_VIOLENCE,425234,409627,0.96329785,385826,0.90732632,385828,0.90733102
2025-12,TikTok,STATEMENT_CATEGORY_DATA_PROTECTION_AND_PRIVACY_VIOLATIONS,88232,81898,0.92821199,81677,0.92570723,81677,0.92570723
2025-12,TikTok,STATEMENT_CATEGORY_PROTECTION_OF_MINORS,312521,256495,0.82072885,104096,0.33308482,104120,0.33316161
2025-12,TikTok,STATEMENT_CATEGORY_UNSAFE_AND_PROHIBITED_PRODUCTS,362,2,0.00552486,2,0.00552486,2,0.00552486
2025-12,TikTok,STATEMENT_CATEGORY_INTELLECTUAL_PROPERTY_INFRINGEMENTS,48379,26177,0.54108187,37950,0.78443126,37969,0.78482399
2025-12,TikTok,STATEMENT_CATEGORY_SELF_HARM,29646,27212,0.91789786,13897,0.46876476,13897,0.46876476
2025-12,TikTok,STATEMENT_CATEGORY_ANIMAL_WELFARE,11808,11049,0.93572154,8487,0.71875,8487,0.71875
2025-12,TikTok,STATEMENT_CATEGORY_RISK_FOR_PUBLIC_SECURITY,186,0,0.0,0,0.0,0,0.0
2025-12,TikTok,STATEMENT_CATEGORY_CYBER_VIOLENCE,1087,0,0.0,0,0.0,0,0.0
2025-12,YouTube,STATEMENT_CATEGORY_OTHER_VIOLATION_TC,2830732,2804581,0.99076175,2489091,0.87931002,2774526,0.98014436
2025-12,YouTube,STATEMENT_CATEGORY_SCAMS_AND_FRAUD,3081107,3079118,0.99935445,6658,0.00216091,9717,0.00315374
2025-12,YouTube,STATEMENT_CATEGORY_ILLEGAL_OR_HARMFUL_SPEECH,3655,3577,0.97865937,4,0.00109439,3388,0.92694938
2025-12,YouTube,STATEMENT_CATEGORY_NEGATIVE_EFFECTS_ON_CIVIC_DISCOURSE_OR_ELECTIONS,8570,8508,0.99276546,4264,0.49754959,4264,0.49754959
2025-12,YouTube,STATEMENT_CATEGORY_VIOLENCE,2468,2395,0.97042139,445,0.18030794,445,0.18030794
2025-12,YouTube,STATEMENT_CATEGORY_DATA_PROTECTION_AND_PRIVACY_VIOLATIONS,7858,5091,0.64787478,0,0.0,5091,0.64787478
2025-12,YouTube,STATEMENT_CATEGORY_PROTECTION_OF_MINORS,73732,73730,0.99997287,0,0.0,73730,0.99997287
2025-12,YouTube,STATEMENT_CATEGORY_CONSUMER_INFORMATION,441932,432564,0.97880217,324640,0.73459265,324640,0.73459265
2025-12,YouTube,STATEMENT_CATEGORY_UNSAFE_AND_PROHIBITED_PRODUCTS,473643,466742,0.98542995,448444,0.94679748,448444,0.94679748
2025-12,YouTube,STATEMENT_CATEGORY_INTELLECTUAL_PROPERTY_INFRINGEMENTS,31500,4788,0.152,8,0.00025397,22816,0.72431746
2025-12,YouTube,STATEMENT_CATEGORY_ANIMAL_WELFARE,5,5,1.0,0,0.0,0,0.0
2025-12,YouTube,STATEMENT_CATEGORY_RISK_FOR_PUBLIC_SECURITY,322,9,0.02795031,0,0.0,0,0.0
2025-12,YouTube,STATEMENT_CATEGORY_CYBER_VIOLENCE,94,0,0.0,0,0.0,0,0.0
2025-12,Instagram,STATEMENT_CATEGORY_OTHER_VIOLATION_TC,2104974,1773395,0.84247834,0,0.0,1773395,0.84247834
2025-12,Instagram,STATEMENT_CATEGORY_SCAMS_AND_FRAUD,4896245,4880025,0.99668726,0,0.0,4880025,0.99668726
2025-12,Instagram,STATEMENT_CATEGORY_ILLEGAL_OR_HARMFUL_SPEECH,36985,27763,0.75065567,0,0.0,27763,0.75065567
2025-12,Instagram,STATEMENT_CATEGORY_VIOLENCE,127588,116424,0.91249961,0,0.0,116424,0.91249961
2025-12,Instagram,STATEMENT_CATEGORY_DATA_PROTECTION_AND_PRIVACY_VIOLATIONS,848158,847227,0.99890233,0,0.0,847227,0.99890233
2025-12,Instagram,STATEMENT_CATEGORY_PROTECTION_OF_MINORS,146727,131090,0.89342793,0,0.0,131090,0.89342793
2025-12,Instagram,STATEMENT_CATEGORY_UNSAFE_AND_PROHIBITED_PRODUCTS,29275,22019,0.75214347,0,0.0,22019,0.75214347
2025-12,Instagram,STATEMENT_CATEGORY_INTELLECTUAL_PROPERTY_INFRINGEMENTS,25589,9322,0.36429716,0,0.0,9322,0.36429716
2025-12,Instagram,STATEMENT_CATEGORY_SELF_HARM,16288,12271,0.75337672,0,0.0,12271,0.75337672
2025-12,Instagram,STATEMENT_CATEGORY_CYBER_VIOLENCE,11333,8517,0.7515221,0,0.0,8517,0.7515221
2026-01,TikTok,STATEMENT_CATEGORY_OTHER_VIOLATION_TC,91510993,88715201,0.96944857,85654505,0.93600236,85655956,0.93601821
2026-01,TikTok,STATEMENT_CATEGORY_SCAMS_AND_FRAUD,2591471,2350043,0.90683747,2130026,0.82193704,2130321,0.82205087
2026-01,TikTok,STATEMENT_CATEGORY_ILLEGAL_OR_HARMFUL_SPEECH,15141396,14577630,0.96276658,13584548,0.89717936,13584583,0.89718167
2026-01,TikTok,STATEMENT_CATEGORY_NEGATIVE_EFFECTS_ON_CIVIC_DISCOURSE_OR_ELECTIONS,5819337,5747954,0.98773348,5703754,0.98013812,5703754,0.98013812
2026-01,TikTok,STATEMENT_CATEGORY_VIOLENCE,2762621,2678698,0.96962196,2576277,0.93254811,2576289,0.93255246
2026-01,TikTok,STATEMENT_CATEGORY_DATA_PROTECTION_AND_PRIVACY_VIOLATIONS,479861,460670,0.96000717,459515,0.95760022,459515,0.95760022
2026-01,TikTok,STATEMENT_CATEGORY_PROTECTION_OF_MINORS,1728129,1492040,0.86338462,661905,0.38301828,662025,0.38308772
2026-01,TikTok,STATEMENT_CATEGORY_UNSAFE_AND_PROHIBITED_PRODUCTS,1091,105,0.09624198,98,0.08982585,98,0.08982585
2026-01,TikTok,STATEMENT_CATEGORY_INTELLECTUAL_PROPERTY_INFRINGEMENTS,290211,196746,0.67794122,245740,0.84676322,246067,0.84788998
2026-01,TikTok,STATEMENT_CATEGORY_SELF_HARM,165088,149031,0.90273672,103363,0.6261085,103363,0.6261085
2026-01,TikTok,STATEMENT_CATEGORY_ANIMAL_WELFARE,75313,71673,0.95166837,59208,0.7861591,59208,0.7861591
2026-01,TikTok,STATEMENT_CATEGORY_RISK_FOR_PUBLIC_SECURITY,542,2,0.00369004,0,0.0,0,0.0
2026-01,TikTok,STATEMENT_CATEGORY_CYBER_VIOLENCE,2353,4,0.00169996,0,0.0,0,0.0
2026-01,YouTube,STATEMENT_CATEGORY_OTHER_VIOLATION_TC,2992473,2964603,0.99068663,2574075,0.8601832,2930234,0.97920148
2026-01,YouTube,STATEMENT_CATEGORY_SCAMS_AND_FRAUD,3078340,3074335,0.99869897,6560,0.00213102,7588,0.00246496
2026-01,YouTube,STATEMENT_CATEGORY_ILLEGAL_OR_HARMFUL_SPEECH,3190,3034,0.95109718,2,0.00062696,3004,0.94169279
2026-01,YouTube,STATEMENT_CATEGORY_NEGATIVE_EFFECTS_ON_CIVIC_DISCOURSE_OR_ELECTIONS,10440,10403,0.99645594,2845,0.27250958,2845,0.27250958
2026-01,YouTube,STATEMENT_CATEGORY_VIOLENCE,1275,1172,0.91921569,394,0.30901961,394,0.30901961
2026-01,YouTube,STATEMENT_CATEGORY_DATA_PROTECTION_AND_PRIVACY_VIOLATIONS,10503,7142,0.67999619,0,0.0,7142,0.67999619
2026-01,YouTube,STATEMENT_CATEGORY_PROTECTION_OF_MINORS,72270,72260,0.99986163,0,0.0,72260,0.99986163
2026-01,YouTube,STATEMENT_CATEGORY_CONSUMER_INFORMATION,397859,382899,0.96239874,227649,0.57218512,227649,0.57218512
2026-01,YouTube,STATEMENT_CATEGORY_UNSAFE_AND_PROHIBITED_PRODUCTS,399989,390031,0.97510432,372825,0.93208813,372825,0.93208813
2026-01,YouTube,STATEMENT_CATEGORY_INTELLECTUAL_PROPERTY_INFRINGEMENTS,61481,9211,0.14981864,8,0.00013012,25190,0.40972008
2026-01,YouTube,STATEMENT_CATEGORY_ANIMAL_WELFARE,10,0,0.0,0,0.0,0,0.0
2026-01,YouTube,STATEMENT_CATEGORY_RISK_FOR_PUBLIC_SECURITY,140,10,0.07142857,0,0.0,0,0.0
2026-01,YouTube,STATEMENT_CATEGORY_CYBER_VIOLENCE,88,0,0.0,0,0.0,0,0.0
2026-01,Instagram,STATEMENT_CATEGORY_OTHER_VIOLATION_TC,2379786,2091964,0.87905551,0,0.0,2091964,0.87905551
2026-01,Instagram,STATEMENT_CATEGORY_SCAMS_AND_FRAUD,4522716,4506863,0.99649481,0,0.0,4506863,0.99649481
2026-01,Instagram,STATEMENT_CATEGORY_ILLEGAL_OR_HARMFUL_SPEECH,35485,31269,0.88118923,0,0.0,31269,0.88118923
2026-01,Instagram,STATEMENT_CATEGORY_NEGATIVE_EFFECTS_ON_CIVIC_DISCOURSE_OR_ELECTIONS,2,0,0.0,0,0.0,0,0.0
2026-01,Instagram,STATEMENT_CATEGORY_VIOLENCE,104863,91674,0.87422637,0,0.0,91674,0.87422637
2026-01,Instagram,STATEMENT_CATEGORY_DATA_PROTECTION_AND_PRIVACY_VIOLATIONS,727788,724351,0.99527747,0,0.0,724351,0.99527747
2026-01,Instagram,STATEMENT_CATEGORY_PROTECTION_OF_MINORS,132600,119623,0.90213424,0,0.0,119623,0.90213424
2026-01,Instagram,STATEMENT_CATEGORY_UNSAFE_AND_PROHIBITED_PRODUCTS,24399,18034,0.73912865,0,0.0,18034,0.73912865
2026-01,Instagram,STATEMENT_CATEGORY_INTELLECTUAL_PROPERTY_INFRINGEMENTS,29078,10314,0.35470115,0,0.0,10314,0.35470115
2026-01,Instagram,STATEMENT_CATEGORY_SELF_HARM,33917,29984,0.88404045,0,0.0,29984,0.88404045
2026-01,Instagram,STATEMENT_CATEGORY_CYBER_VIOLENCE,11410,8830,0.77388256,0,0.0,8830,0.77388256
2026-02,TikTok,STATEMENT_CATEGORY_OTHER_VIOLATION_TC,57490455,56532670,0.9833401,54379911,0.9458946,54379911,0.9458946
2026-02,TikTok,STATEMENT_CATEGORY_SCAMS_AND_FRAUD,1854605,1625377,0.87640064,1541331,0.83108317,1541331,0.83108317
2026-02,TikTok,STATEMENT_CATEGORY_ILLEGAL_OR_HARMFUL_SPEECH,9952997,9593682,0.96389881,8060614,0.80986802,8060614,0.80986802
2026-02,TikTok,STATEMENT_CATEGORY_NEGATIVE_EFFECTS_ON_CIVIC_DISCOURSE_OR_ELECTIONS,169359,160990,0.95058426,139127,0.82149162,139127,0.82149162
2026-02,TikTok,STATEMENT_CATEGORY_VIOLENCE,1667854,1607467,0.96379359,1559985,0.93532467,1559985,0.93532467
2026-02,TikTok,STATEMENT_CATEGORY_DATA_PROTECTION_AND_PRIVACY_VIOLATIONS,149254,137802,0.92327174,137441,0.92085304,137441,0.92085304
2026-02,TikTok,STATEMENT_CATEGORY_PROTECTION_OF_MINORS,669111,541286,0.80896294,202926,0.30327703,202926,0.30327703
2026-02,TikTok,STATEMENT_CATEGORY_UNSAFE_AND_PROHIBITED_PRODUCTS,617,0,0.0,0,0.0,0,0.0
2026-02,TikTok,STATEMENT_CATEGORY_INTELLECTUAL_PROPERTY_INFRINGEMENTS,42922,1527,0.03557616,28988,0.67536461,28988,0.67536461
2026-02,TikTok,STATEMENT_CATEGORY_SELF_HARM,117743,99426,0.84443237,88663,0.75302141,88663,0.75302141
2026-02,TikTok,STATEMENT_CATEGORY_ANIMAL_WELFARE,34094,32096,0.94139731,28465,0.83489764,28465,0.83489764
2026-02,TikTok,STATEMENT_CATEGORY_RISK_FOR_PUBLIC_SECURITY,353,1,0.00283286,0,0.0,0,0.0
2026-02,TikTok,STATEMENT_CATEGORY_CYBER_VIOLENCE,1378,3,0.00217707,0,0.0,0,0.0
2026-02,YouTube,STATEMENT_CATEGORY_OTHER_VIOLATION_TC,2352951,2326516,0.98876517,2074409,0.88162014,2274655,0.96672434
2026-02,YouTube,STATEMENT_CATEGORY_SCAMS_AND_FRAUD,1113279,1112377,0.99918978,4581,0.00411487,5250,0.0047158
2026-02,YouTube,STATEMENT_CATEGORY_ILLEGAL_OR_HARMFUL_SPEECH,3739,3642,0.97405723,0,0.0,3609,0.96523135
2026-02,YouTube,STATEMENT_CATEGORY_NEGATIVE_EFFECTS_ON_CIVIC_DISCOURSE_OR_ELECTIONS,8156,8121,0.99570868,2762,0.3386464,2762,0.3386464
2026-02,YouTube,STATEMENT_CATEGORY_VIOLENCE,1313,1225,0.93297791,428,0.32597106,428,0.32597106
2026-02,YouTube,STATEMENT_CATEGORY_DATA_PROTECTION_AND_PRIVACY_VIOLATIONS,9561,6443,0.67388348,0,0.0,6437,0.67325594
2026-02,YouTube,STATEMENT_CATEGORY_PROTECTION_OF_MINORS,72287,72278,0.9998755,159,0.00219957,72126,0.99777277
2026-02,YouTube,STATEMENT_CATEGORY_CONSUMER_INFORMATION,231401,215017,0.9291965,136483,0.58981163,136483,0.58981163
2026-02,YouTube,STATEMENT_CATEGORY_UNSAFE_AND_PROHIBITED_PRODUCTS,261425,250870,0.95962513,235843,0.90214402,235843,0.90214402
2026-02,YouTube,STATEMENT_CATEGORY_INTELLECTUAL_PROPERTY_INFRINGEMENTS,31728,1999,0.06300429,7,0.00022063,24573,0.77448941
2026-02,YouTube,STATEMENT_CATEGORY_ANIMAL_WELFARE,6,3,0.5,0,0.0,0,0.0
2026-02,YouTube,STATEMENT_CATEGORY_RISK_FOR_PUBLIC_SECURITY,243,5,0.02057613,0,0.0,0,0.0
2026-02,YouTube,STATEMENT_CATEGORY_CYBER_VIOLENCE,61,0,0.0,0,0.0,0,0.0
2026-02,Instagram,STATEMENT_CATEGORY_OTHER_VIOLATION_TC,2346031,2121553,0.90431584,0,0.0,2121553,0.90431584
2026-02,Instagram,STATEMENT_CATEGORY_SCAMS_AND_FRAUD,4624634,4609226,0.99666828,0,0.0,4609226,0.99666828
2026-02,Instagram,STATEMENT_CATEGORY_ILLEGAL_OR_HARMFUL_SPEECH,41985,37736,0.89879719,0,0.0,37736,0.89879719
2026-02,Instagram,STATEMENT_CATEGORY_NEGATIVE_EFFECTS_ON_CIVIC_DISCOURSE_OR_ELECTIONS,2,1,0.5,0,0.0,1,0.5
2026-02,Instagram,STATEMENT_CATEGORY_VIOLENCE,97699,84291,0.86276216,0,0.0,84291,0.86276216
2026-02,Instagram,STATEMENT_CATEGORY_DATA_PROTECTION_AND_PRIVACY_VIOLATIONS,430648,428457,0.99491232,0,0.0,428457,0.99491232
2026-02,Instagram,STATEMENT_CATEGORY_PROTECTION_OF_MINORS,122542,110290,0.90001795,0,0.0,110290,0.90001795
2026-02,Instagram,STATEMENT_CATEGORY_UNSAFE_AND_PROHIBITED_PRODUCTS,20253,13484,0.66577791,0,0.0,13484,0.66577791
2026-02,Instagram,STATEMENT_CATEGORY_INTELLECTUAL_PROPERTY_INFRINGEMENTS,27593,10149,0.36781068,0,0.0,10149,0.36781068
2026-02,Instagram,STATEMENT_CATEGORY_SELF_HARM,17034,12786,0.75061641,0,0.0,12786,0.75061641
2026-02,Instagram,STATEMENT_CATEGORY_CYBER_VIOLENCE,9635,7619,0.79076284,0,0.0,7619,0.79076284
2026-03,TikTok,STATEMENT_CATEGORY_OTHER_VIOLATION_TC,33660313,32942967,0.97868867,32121091,0.9542719,32121091,0.9542719
2026-03,TikTok,STATEMENT_CATEGORY_SCAMS_AND_FRAUD,1212632,1045427,0.86211398,1008775,0.83188882,1008775,0.83188882
2026-03,TikTok,STATEMENT_CATEGORY_ILLEGAL_OR_HARMFUL_SPEECH,4704613,4496929,0.95585524,3803545,0.80847139,3803545,0.80847139
2026-03,TikTok,STATEMENT_CATEGORY_NEGATIVE_EFFECTS_ON_CIVIC_DISCOURSE_OR_ELECTIONS,89737,85086,0.94817077,64947,0.72374829,64947,0.72374829
2026-03,TikTok,STATEMENT_CATEGORY_VIOLENCE,914807,875063,0.95655477,834609,0.91233342,834609,0.91233342
2026-03,TikTok,STATEMENT_CATEGORY_DATA_PROTECTION_AND_PRIVACY_VIOLATIONS,141159,132845,0.94110188,132565,0.9391183,132565,0.9391183
2026-03,TikTok,STATEMENT_CATEGORY_PROTECTION_OF_MINORS,276191,213012,0.77124888,81206,0.29402117,81206,0.29402117
2026-03,TikTok,STATEMENT_CATEGORY_UNSAFE_AND_PROHIBITED_PRODUCTS,598,0,0.0,0,0.0,0,0.0
2026-03,TikTok,STATEMENT_CATEGORY_INTELLECTUAL_PROPERTY_INFRINGEMENTS,55597,551,0.00991061,20974,0.37725057,20974,0.37725057
2026-03,TikTok,STATEMENT_CATEGORY_SELF_HARM,97407,83445,0.85666328,65972,0.67728192,65972,0.67728192
2026-03,TikTok,STATEMENT_CATEGORY_ANIMAL_WELFARE,18183,16490,0.90689105,14900,0.81944674,14900,0.81944674
2026-03,TikTok,STATEMENT_CATEGORY_RISK_FOR_PUBLIC_SECURITY,302,0,0.0,0,0.0,0,0.0
2026-03,TikTok,STATEMENT_CATEGORY_CYBER_VIOLENCE,896,0,0.0,0,0.0,0,0.0
2026-03,YouTube,STATEMENT_CATEGORY_OTHER_VIOLATION_TC,3012300,2983349,0.99038907,2514944,0.83489161,2737242,0.90868838
2026-03,YouTube,STATEMENT_CATEGORY_SCAMS_AND_FRAUD,1086399,1082277,0.99620581,2715,0.00249908,4853,0.00446705
2026-03,YouTube,STATEMENT_CATEGORY_ILLEGAL_OR_HARMFUL_SPEECH,4399,4291,0.97544897,0,0.0,4265,0.96953853
2026-03,YouTube,STATEMENT_CATEGORY_NEGATIVE_EFFECTS_ON_CIVIC_DISCOURSE_OR_ELECTIONS,680025,679956,0.99989853,4153,0.00610713,4153,0.00610713
2026-03,YouTube,STATEMENT_CATEGORY_VIOLENCE,2197,2068,0.94128357,977,0.44469731,977,0.44469731
2026-03,YouTube,STATEMENT_CATEGORY_DATA_PROTECTION_AND_PRIVACY_VIOLATIONS,9746,7027,0.72101375,0,0.0,7025,0.72080854
2026-03,YouTube,STATEMENT_CATEGORY_PROTECTION_OF_MINORS,80814,80810,0.9999505,0,0.0,80810,0.9999505
2026-03,YouTube,STATEMENT_CATEGORY_CONSUMER_INFORMATION,686010,676223,0.98573344,436555,0.63636827,436555,0.63636827
2026-03,YouTube,STATEMENT_CATEGORY_UNSAFE_AND_PROHIBITED_PRODUCTS,312746,304589,0.97391813,282372,0.90287965,282372,0.90287965
2026-03,YouTube,STATEMENT_CATEGORY_INTELLECTUAL_PROPERTY_INFRINGEMENTS,31049,4853,0.15630133,8,0.00025766,23236,0.74836549
2026-03,YouTube,STATEMENT_CATEGORY_ANIMAL_WELFARE,30,28,0.93333333,8,0.26666667,8,0.26666667
2026-03,YouTube,STATEMENT_CATEGORY_RISK_FOR_PUBLIC_SECURITY,229,10,0.04366812,0,0.0,0,0.0
2026-03,YouTube,STATEMENT_CATEGORY_CYBER_VIOLENCE,53,0,0.0,0,0.0,0,0.0
2026-03,Instagram,STATEMENT_CATEGORY_OTHER_VIOLATION_TC,3549062,3300983,0.93010012,0,0.0,3300983,0.93010012
2026-03,Instagram,STATEMENT_CATEGORY_SCAMS_AND_FRAUD,3862763,3844096,0.99516745,0,0.0,3844096,0.99516745
2026-03,Instagram,STATEMENT_CATEGORY_ILLEGAL_OR_HARMFUL_SPEECH,31607,27251,0.86218243,0,0.0,27251,0.86218243
2026-03,Instagram,STATEMENT_CATEGORY_NEGATIVE_EFFECTS_ON_CIVIC_DISCOURSE_OR_ELECTIONS,1755,1753,0.9988604,0,0.0,1753,0.9988604
2026-03,Instagram,STATEMENT_CATEGORY_VIOLENCE,89305,71557,0.80126533,0,0.0,71557,0.80126533
2026-03,Instagram,STATEMENT_CATEGORY_DATA_PROTECTION_AND_PRIVACY_VIOLATIONS,600851,599086,0.9970625,0,0.0,599086,0.9970625
2026-03,Instagram,STATEMENT_CATEGORY_PROTECTION_OF_MINORS,125322,112265,0.89581239,0,0.0,112265,0.89581239
2026-03,Instagram,STATEMENT_CATEGORY_UNSAFE_AND_PROHIBITED_PRODUCTS,17887,11298,0.63163191,0,0.0,11298,0.63163191
2026-03,Instagram,STATEMENT_CATEGORY_INTELLECTUAL_PROPERTY_INFRINGEMENTS,36540,16023,0.43850575,0,0.0,16023,0.43850575
2026-03,Instagram,STATEMENT_CATEGORY_SELF_HARM,19513,15380,0.78819249,0,0.0,15380,0.78819249
2026-03,Instagram,STATEMENT_CATEGORY_RISK_FOR_PUBLIC_SECURITY,23744,16047,0.67583389,0,0.0,16047,0.67583389
2026-03,Instagram,STATEMENT_CATEGORY_CYBER_VIOLENCE,13001,9964,0.76640258,0,0.0,9964,0.76640258
2026-04,TikTok,STATEMENT_CATEGORY_OTHER_VIOLATION_TC,33410427,32903676,0.98483255,32136459,0.96186915,32136459,0.96186915
2026-04,TikTok,STATEMENT_CATEGORY_SCAMS_AND_FRAUD,924332,859922,0.93031725,838794,0.90745966,838794,0.90745966
2026-04,TikTok,STATEMENT_CATEGORY_ILLEGAL_OR_HARMFUL_SPEECH,3762190,3580335,0.95166246,3063297,0.8142324,3063297,0.8142324
2026-04,TikTok,STATEMENT_CATEGORY_NEGATIVE_EFFECTS_ON_CIVIC_DISCOURSE_OR_ELECTIONS,70164,67707,0.96498204,59278,0.84484921,59278,0.84484921
2026-04,TikTok,STATEMENT_CATEGORY_VIOLENCE,896552,862094,0.96156609,794949,0.88667361,794949,0.88667361
2026-04,TikTok,STATEMENT_CATEGORY_DATA_PROTECTION_AND_PRIVACY_VIOLATIONS,187200,180593,0.9647062,180230,0.96276709,180230,0.96276709
2026-04,TikTok,STATEMENT_CATEGORY_PROTECTION_OF_MINORS,246343,196484,0.79760334,76290,0.30969015,76290,0.30969015
2026-04,TikTok,STATEMENT_CATEGORY_UNSAFE_AND_PROHIBITED_PRODUCTS,495,0,0.0,0,0.0,0,0.0
2026-04,TikTok,STATEMENT_CATEGORY_INTELLECTUAL_PROPERTY_INFRINGEMENTS,33404,264,0.00790325,14993,0.44883846,14993,0.44883846
2026-04,TikTok,STATEMENT_CATEGORY_SELF_HARM,103645,92206,0.88963288,72771,0.70211781,72771,0.70211781
2026-04,TikTok,STATEMENT_CATEGORY_ANIMAL_WELFARE,25566,23694,0.92677775,21947,0.85844481,21947,0.85844481
2026-04,TikTok,STATEMENT_CATEGORY_RISK_FOR_PUBLIC_SECURITY,215,7,0.03255814,0,0.0,0,0.0
2026-04,TikTok,STATEMENT_CATEGORY_CYBER_VIOLENCE,915,0,0.0,0,0.0,0,0.0
2026-04,YouTube,STATEMENT_CATEGORY_OTHER_VIOLATION_TC,7254134,7230500,0.996742,6596948,0.90940531,7105288,0.97948122
2026-04,YouTube,STATEMENT_CATEGORY_SCAMS_AND_FRAUD,3110511,3107260,0.99895483,2359,0.0007584,4347,0.00139752
2026-04,YouTube,STATEMENT_CATEGORY_ILLEGAL_OR_HARMFUL_SPEECH,2886,2738,0.94871795,0,0.0,2736,0.94802495
2026-04,YouTube,STATEMENT_CATEGORY_NEGATIVE_EFFECTS_ON_CIVIC_DISCOURSE_OR_ELECTIONS,254312,254280,0.99987417,4958,0.01949574,4958,0.01949574
2026-04,YouTube,STATEMENT_CATEGORY_VIOLENCE,2622,2543,0.96987033,310,0.11823036,310,0.11823036
2026-04,YouTube,STATEMENT_CATEGORY_DATA_PROTECTION_AND_PRIVACY_VIOLATIONS,11845,9264,0.78210215,0,0.0,9261,0.78184888
2026-04,YouTube,STATEMENT_CATEGORY_PROTECTION_OF_MINORS,89029,89025,0.99995507,0,0.0,89025,0.99995507
2026-04,YouTube,STATEMENT_CATEGORY_CONSUMER_INFORMATION,619525,613985,0.99105767,406262,0.65576369,406262,0.65576369
2026-04,YouTube,STATEMENT_CATEGORY_UNSAFE_AND_PROHIBITED_PRODUCTS,346285,340031,0.98193973,324497,0.93708073,324497,0.93708073
2026-04,YouTube,STATEMENT_CATEGORY_INTELLECTUAL_PROPERTY_INFRINGEMENTS,41237,10428,0.2528797,11,0.00026675,27776,0.67356985
2026-04,YouTube,STATEMENT_CATEGORY_ANIMAL_WELFARE,12,9,0.75,0,0.0,0,0.0
2026-04,YouTube,STATEMENT_CATEGORY_RISK_FOR_PUBLIC_SECURITY,121,6,0.04958678,0,0.0,0,0.0
2026-04,YouTube,STATEMENT_CATEGORY_CYBER_VIOLENCE,131,0,0.0,0,0.0,0,0.0
2026-04,Instagram,STATEMENT_CATEGORY_OTHER_VIOLATION_TC,5212184,4940736,0.94792049,0,0.0,4940736,0.94792049
2026-04,Instagram,STATEMENT_CATEGORY_SCAMS_AND_FRAUD,1335278,1306246,0.97825771,0,0.0,1306246,0.97825771
2026-04,Instagram,STATEMENT_CATEGORY_ILLEGAL_OR_HARMFUL_SPEECH,20276,16523,0.81490432,0,0.0,16523,0.81490432
2026-04,Instagram,STATEMENT_CATEGORY_NEGATIVE_EFFECTS_ON_CIVIC_DISCOURSE_OR_ELECTIONS,4228,4227,0.99976348,0,0.0,4227,0.99976348
2026-04,Instagram,STATEMENT_CATEGORY_VIOLENCE,61549,53330,0.86646412,0,0.0,53330,0.86646412
2026-04,Instagram,STATEMENT_CATEGORY_DATA_PROTECTION_AND_PRIVACY_VIOLATIONS,388965,387810,0.99703058,0,0.0,387810,0.99703058
2026-04,Instagram,STATEMENT_CATEGORY_PROTECTION_OF_MINORS,133452,124165,0.93040944,0,0.0,124165,0.93040944
2026-04,Instagram,STATEMENT_CATEGORY_UNSAFE_AND_PROHIBITED_PRODUCTS,17527,11348,0.64745821,0,0.0,11348,0.64745821
2026-04,Instagram,STATEMENT_CATEGORY_INTELLECTUAL_PROPERTY_INFRINGEMENTS,54025,35591,0.6587876,0,0.0,35591,0.6587876
2026-04,Instagram,STATEMENT_CATEGORY_SELF_HARM,18939,14806,0.78177306,0,0.0,14806,0.78177306
2026-04,Instagram,STATEMENT_CATEGORY_RISK_FOR_PUBLIC_SECURITY,90806,72309,0.79630201,0,0.0,72309,0.79630201
2026-04,Instagram,STATEMENT_CATEGORY_CYBER_VIOLENCE,13365,4323,0.32345679,0,0.0,4323,0.32345679
2026-05,TikTok,STATEMENT_CATEGORY_OTHER_VIOLATION_TC,29912148,29532545,0.9873094,28748146,0.96108598,28748146,0.96108598
2026-05,TikTok,STATEMENT_CATEGORY_SCAMS_AND_FRAUD,1065789,1025745,0.96242784,1014171,0.95156827,1014171,0.95156827
2026-05,TikTok,STATEMENT_CATEGORY_ILLEGAL_OR_HARMFUL_SPEECH,4605985,4377736,0.95044513,3802264,0.82550508,3802264,0.82550508
2026-05,TikTok,STATEMENT_CATEGORY_NEGATIVE_EFFECTS_ON_CIVIC_DISCOURSE_OR_ELECTIONS,282592,279481,0.9889912,258340,0.91418016,258340,0.91418016
2026-05,TikTok,STATEMENT_CATEGORY_VIOLENCE,1214062,1171220,0.96471185,1108527,0.91307281,1108527,0.91307281
2026-05,TikTok,STATEMENT_CATEGORY_DATA_PROTECTION_AND_PRIVACY_VIOLATIONS,190559,181381,0.95183644,180789,0.94872979,180789,0.94872979
2026-05,TikTok,STATEMENT_CATEGORY_PROTECTION_OF_MINORS,265789,219217,0.8247783,96332,0.36243787,96332,0.36243787
2026-05,TikTok,STATEMENT_CATEGORY_UNSAFE_AND_PROHIBITED_PRODUCTS,975,0,0.0,0,0.0,0,0.0
2026-05,TikTok,STATEMENT_CATEGORY_INTELLECTUAL_PROPERTY_INFRINGEMENTS,15722,205,0.01303905,7612,0.48416232,7612,0.48416232
2026-05,TikTok,STATEMENT_CATEGORY_SELF_HARM,143184,132279,0.92383926,108007,0.75432311,108007,0.75432311
2026-05,TikTok,STATEMENT_CATEGORY_ANIMAL_WELFARE,29035,27230,0.93783365,24999,0.86099535,24999,0.86099535
2026-05,TikTok,STATEMENT_CATEGORY_RISK_FOR_PUBLIC_SECURITY,413,0,0.0,0,0.0,0,0.0
2026-05,TikTok,STATEMENT_CATEGORY_CYBER_VIOLENCE,778,0,0.0,0,0.0,0,0.0
2026-05,YouTube,STATEMENT_CATEGORY_OTHER_VIOLATION_TC,4083212,4058946,0.99405713,3765586,0.92221173,4000670,0.97978503
2026-05,YouTube,STATEMENT_CATEGORY_SCAMS_AND_FRAUD,2328343,2323114,0.9977542,2111,0.00090665,3890,0.00167072
2026-05,YouTube,STATEMENT_CATEGORY_ILLEGAL_OR_HARMFUL_SPEECH,2293,2197,0.95813345,0,0.0,2141,0.9337113
2026-05,YouTube,STATEMENT_CATEGORY_NEGATIVE_EFFECTS_ON_CIVIC_DISCOURSE_OR_ELECTIONS,49864,49682,0.99635007,5401,0.10831462,5401,0.10831462
2026-05,YouTube,STATEMENT_CATEGORY_VIOLENCE,1626,1548,0.95202952,504,0.3099631,504,0.3099631
2026-05,YouTube,STATEMENT_CATEGORY_DATA_PROTECTION_AND_PRIVACY_VIOLATIONS,11202,8806,0.78610962,0,0.0,8805,0.78602035
2026-05,YouTube,STATEMENT_CATEGORY_PROTECTION_OF_MINORS,92391,92387,0.99995671,0,0.0,92387,0.99995671
2026-05,YouTube,STATEMENT_CATEGORY_CONSUMER_INFORMATION,824008,812501,0.98603533,569913,0.69163528,569913,0.69163528
2026-05,YouTube,STATEMENT_CATEGORY_UNSAFE_AND_PROHIBITED_PRODUCTS,317385,310403,0.97800148,296094,0.93291743,296094,0.93291743
2026-05,YouTube,STATEMENT_CATEGORY_INTELLECTUAL_PROPERTY_INFRINGEMENTS,37121,8439,0.22733763,8,0.00021551,24176,0.65127556
2026-05,YouTube,STATEMENT_CATEGORY_ANIMAL_WELFARE,110,2,0.01818182,0,0.0,0,0.0
2026-05,YouTube,STATEMENT_CATEGORY_RISK_FOR_PUBLIC_SECURITY,187,8,0.04278075,0,0.0,0,0.0
2026-05,YouTube,STATEMENT_CATEGORY_CYBER_VIOLENCE,58,0,0.0,0,0.0,0,0.0
2026-05,Instagram,STATEMENT_CATEGORY_OTHER_VIOLATION_TC,5746532,5433724,0.94556578,0,0.0,5433724,0.94556578
2026-05,Instagram,STATEMENT_CATEGORY_SCAMS_AND_FRAUD,1756376,1727045,0.98330027,0,0.0,1727045,0.98330027
2026-05,Instagram,STATEMENT_CATEGORY_ILLEGAL_OR_HARMFUL_SPEECH,12091,9221,0.76263336,0,0.0,9221,0.76263336
2026-05,Instagram,STATEMENT_CATEGORY_NEGATIVE_EFFECTS_ON_CIVIC_DISCOURSE_OR_ELECTIONS,3802,3792,0.99736981,0,0.0,3792,0.99736981
2026-05,Instagram,STATEMENT_CATEGORY_VIOLENCE,51725,42899,0.82936684,0,0.0,42899,0.82936684
2026-05,Instagram,STATEMENT_CATEGORY_DATA_PROTECTION_AND_PRIVACY_VIOLATIONS,284081,283314,0.99730007,0,0.0,283314,0.99730007
2026-05,Instagram,STATEMENT_CATEGORY_PROTECTION_OF_MINORS,129131,116507,0.90223881,0,0.0,116507,0.90223881
2026-05,Instagram,STATEMENT_CATEGORY_UNSAFE_AND_PROHIBITED_PRODUCTS,14383,8533,0.59326983,0,0.0,8533,0.59326983
2026-05,Instagram,STATEMENT_CATEGORY_INTELLECTUAL_PROPERTY_INFRINGEMENTS,36150,20559,0.56871369,0,0.0,20559,0.56871369
2026-05,Instagram,STATEMENT_CATEGORY_SELF_HARM,15893,12733,0.80117033,0,0.0,12733,0.80117033
2026-05,Instagram,STATEMENT_CATEGORY_RISK_FOR_PUBLIC_SECURITY,63079,55301,0.8766943,0,0.0,55301,0.8766943
2026-05,Instagram,STATEMENT_CATEGORY_CYBER_VIOLENCE,6761,1162,0.17186807,0,0.0,1162,0.17186807
