platform,category,action,represented_sors,action_numerator,action_prevalence,category_share,sparse_flag
Instagram,STATEMENT_CATEGORY_ANIMAL_WELFARE,CONTENT_REMOVED,0,0,,0.0,True
Instagram,STATEMENT_CATEGORY_ANIMAL_WELFARE,VISIBILITY_OTHER,0,0,,0.0,True
Instagram,STATEMENT_CATEGORY_ANIMAL_WELFARE,CONTENT_DISABLED,0,0,,0.0,True
Instagram,STATEMENT_CATEGORY_ANIMAL_WELFARE,CONTENT_AGE_RESTRICTED,0,0,,0.0,True
Instagram,STATEMENT_CATEGORY_ANIMAL_WELFARE,CONTENT_DEMOTED,0,0,,0.0,True
Instagram,STATEMENT_CATEGORY_ANIMAL_WELFARE,CONTENT_INTERACTION_RESTRICTED,0,0,,0.0,True
Instagram,STATEMENT_CATEGORY_ANIMAL_WELFARE,CONTENT_LABELLED,0,0,,0.0,True
Instagram,STATEMENT_CATEGORY_ANIMAL_WELFARE,ACCOUNT_TERMINATED,0,0,,0.0,True
Instagram,STATEMENT_CATEGORY_ANIMAL_WELFARE,ACCOUNT_SUSPENDED,0,0,,0.0,True
Instagram,STATEMENT_CATEGORY_ANIMAL_WELFARE,PROVISION_PARTIAL_SUSPENSION,0,0,,0.0,True
Instagram,STATEMENT_CATEGORY_ANIMAL_WELFARE,PROVISION_PARTIAL_TERMINATION,0,0,,0.0,True
Instagram,STATEMENT_CATEGORY_ANIMAL_WELFARE,PROVISION_TOTAL_SUSPENSION,0,0,,0.0,True
Instagram,STATEMENT_CATEGORY_ANIMAL_WELFARE,PROVISION_TOTAL_TERMINATION,0,0,,0.0,True
Instagram,STATEMENT_CATEGORY_ANIMAL_WELFARE,MONETARY_TERMINATION,0,0,,0.0,True
Instagram,STATEMENT_CATEGORY_ANIMAL_WELFARE,MONETARY_SUSPENSION,0,0,,0.0,True
Instagram,STATEMENT_CATEGORY_CONSUMER_INFORMATION,CONTENT_REMOVED,0,0,,0.0,True
Instagram,STATEMENT_CATEGORY_CONSUMER_INFORMATION,VISIBILITY_OTHER,0,0,,0.0,True
Instagram,STATEMENT_CATEGORY_CONSUMER_INFORMATION,CONTENT_DISABLED,0,0,,0.0,True
Instagram,STATEMENT_CATEGORY_CONSUMER_INFORMATION,CONTENT_AGE_RESTRICTED,0,0,,0.0,True
Instagram,STATEMENT_CATEGORY_CONSUMER_INFORMATION,CONTENT_DEMOTED,0,0,,0.0,True
Instagram,STATEMENT_CATEGORY_CONSUMER_INFORMATION,CONTENT_INTERACTION_RESTRICTED,0,0,,0.0,True
Instagram,STATEMENT_CATEGORY_CONSUMER_INFORMATION,CONTENT_LABELLED,0,0,,0.0,True
Instagram,STATEMENT_CATEGORY_CONSUMER_INFORMATION,ACCOUNT_TERMINATED,0,0,,0.0,True
Instagram,STATEMENT_CATEGORY_CONSUMER_INFORMATION,ACCOUNT_SUSPENDED,0,0,,0.0,True
Instagram,STATEMENT_CATEGORY_CONSUMER_INFORMATION,PROVISION_PARTIAL_SUSPENSION,0,0,,0.0,True
Instagram,STATEMENT_CATEGORY_CONSUMER_INFORMATION,PROVISION_PARTIAL_TERMINATION,0,0,,0.0,True
Instagram,STATEMENT_CATEGORY_CONSUMER_INFORMATION,PROVISION_TOTAL_SUSPENSION,0,0,,0.0,True
Instagram,STATEMENT_CATEGORY_CONSUMER_INFORMATION,PROVISION_TOTAL_TERMINATION,0,0,,0.0,True
Instagram,STATEMENT_CATEGORY_CONSUMER_INFORMATION,MONETARY_TERMINATION,0,0,,0.0,True
Instagram,STATEMENT_CATEGORY_CONSUMER_INFORMATION,MONETARY_SUSPENSION,0,0,,0.0,True
Instagram,STATEMENT_CATEGORY_CYBER_VIOLENCE,CONTENT_REMOVED,142313,98960,0.69536866,0.00153427,False
Instagram,STATEMENT_CATEGORY_CYBER_VIOLENCE,ACCOUNT_TERMINATED,142313,43325,0.30443459,0.00153427,False
Instagram,STATEMENT_CATEGORY_CYBER_VIOLENCE,CONTENT_DEMOTED,142313,21,0.00014756,0.00153427,False
Instagram,STATEMENT_CATEGORY_CYBER_VIOLENCE,CONTENT_DISABLED,142313,7,4.919e-05,0.00153427,False
Instagram,STATEMENT_CATEGORY_CYBER_VIOLENCE,VISIBILITY_OTHER,142313,0,0.0,0.00153427,False
Instagram,STATEMENT_CATEGORY_CYBER_VIOLENCE,CONTENT_AGE_RESTRICTED,142313,0,0.0,0.00153427,False
Instagram,STATEMENT_CATEGORY_CYBER_VIOLENCE,CONTENT_INTERACTION_RESTRICTED,142313,0,0.0,0.00153427,False
Instagram,STATEMENT_CATEGORY_CYBER_VIOLENCE,CONTENT_LABELLED,142313,0,0.0,0.00153427,False
Instagram,STATEMENT_CATEGORY_CYBER_VIOLENCE,ACCOUNT_SUSPENDED,142313,0,0.0,0.00153427,False
Instagram,STATEMENT_CATEGORY_CYBER_VIOLENCE,PROVISION_PARTIAL_SUSPENSION,142313,0,0.0,0.00153427,False
Instagram,STATEMENT_CATEGORY_CYBER_VIOLENCE,PROVISION_PARTIAL_TERMINATION,142313,0,0.0,0.00153427,False
Instagram,STATEMENT_CATEGORY_CYBER_VIOLENCE,PROVISION_TOTAL_SUSPENSION,142313,0,0.0,0.00153427,False
Instagram,STATEMENT_CATEGORY_CYBER_VIOLENCE,PROVISION_TOTAL_TERMINATION,142313,0,0.0,0.00153427,False
Instagram,STATEMENT_CATEGORY_CYBER_VIOLENCE,MONETARY_TERMINATION,142313,0,0.0,0.00153427,False
Instagram,STATEMENT_CATEGORY_CYBER_VIOLENCE,MONETARY_SUSPENSION,142313,0,0.0,0.00153427,False
Instagram,STATEMENT_CATEGORY_DATA_PROTECTION_AND_PRIVACY_VIOLATIONS,ACCOUNT_TERMINATED,8463282,8441041,0.99737206,0.09124214,False
Instagram,STATEMENT_CATEGORY_DATA_PROTECTION_AND_PRIVACY_VIOLATIONS,CONTENT_REMOVED,8463282,22238,0.00262759,0.09124214,False
Instagram,STATEMENT_CATEGORY_DATA_PROTECTION_AND_PRIVACY_VIOLATIONS,CONTENT_DISABLED,8463282,3,3.5e-07,0.09124214,False
Instagram,STATEMENT_CATEGORY_DATA_PROTECTION_AND_PRIVACY_VIOLATIONS,VISIBILITY_OTHER,8463282,0,0.0,0.09124214,False
Instagram,STATEMENT_CATEGORY_DATA_PROTECTION_AND_PRIVACY_VIOLATIONS,CONTENT_AGE_RESTRICTED,8463282,0,0.0,0.09124214,False
Instagram,STATEMENT_CATEGORY_DATA_PROTECTION_AND_PRIVACY_VIOLATIONS,CONTENT_DEMOTED,8463282,0,0.0,0.09124214,False
Instagram,STATEMENT_CATEGORY_DATA_PROTECTION_AND_PRIVACY_VIOLATIONS,CONTENT_INTERACTION_RESTRICTED,8463282,0,0.0,0.09124214,False
Instagram,STATEMENT_CATEGORY_DATA_PROTECTION_AND_PRIVACY_VIOLATIONS,CONTENT_LABELLED,8463282,0,0.0,0.09124214,False
Instagram,STATEMENT_CATEGORY_DATA_PROTECTION_AND_PRIVACY_VIOLATIONS,ACCOUNT_SUSPENDED,8463282,0,0.0,0.09124214,False
Instagram,STATEMENT_CATEGORY_DATA_PROTECTION_AND_PRIVACY_VIOLATIONS,PROVISION_PARTIAL_SUSPENSION,8463282,0,0.0,0.09124214,False
Instagram,STATEMENT_CATEGORY_DATA_PROTECTION_AND_PRIVACY_VIOLATIONS,PROVISION_PARTIAL_TERMINATION,8463282,0,0.0,0.09124214,False
Instagram,STATEMENT_CATEGORY_DATA_PROTECTION_AND_PRIVACY_VIOLATIONS,PROVISION_TOTAL_SUSPENSION,8463282,0,0.0,0.09124214,False
Instagram,STATEMENT_CATEGORY_DATA_PROTECTION_AND_PRIVACY_VIOLATIONS,PROVISION_TOTAL_TERMINATION,8463282,0,0.0,0.09124214,False
Instagram,STATEMENT_CATEGORY_DATA_PROTECTION_AND_PRIVACY_VIOLATIONS,MONETARY_TERMINATION,8463282,0,0.0,0.09124214,False
Instagram,STATEMENT_CATEGORY_DATA_PROTECTION_AND_PRIVACY_VIOLATIONS,MONETARY_SUSPENSION,8463282,0,0.0,0.09124214,False
Instagram,STATEMENT_CATEGORY_ILLEGAL_OR_HARMFUL_SPEECH,CONTENT_REMOVED,618295,497135,0.80404176,0.0066658,False
Instagram,STATEMENT_CATEGORY_ILLEGAL_OR_HARMFUL_SPEECH,CONTENT_DEMOTED,618295,112654,0.18220105,0.0066658,False
Instagram,STATEMENT_CATEGORY_ILLEGAL_OR_HARMFUL_SPEECH,ACCOUNT_TERMINATED,618295,8041,0.01300512,0.0066658,False
Instagram,STATEMENT_CATEGORY_ILLEGAL_OR_HARMFUL_SPEECH,CONTENT_DISABLED,618295,444,0.0007181,0.0066658,False
Instagram,STATEMENT_CATEGORY_ILLEGAL_OR_HARMFUL_SPEECH,ACCOUNT_SUSPENDED,618295,21,3.396e-05,0.0066658,False
Instagram,STATEMENT_CATEGORY_ILLEGAL_OR_HARMFUL_SPEECH,VISIBILITY_OTHER,618295,0,0.0,0.0066658,False
Instagram,STATEMENT_CATEGORY_ILLEGAL_OR_HARMFUL_SPEECH,CONTENT_AGE_RESTRICTED,618295,0,0.0,0.0066658,False
Instagram,STATEMENT_CATEGORY_ILLEGAL_OR_HARMFUL_SPEECH,CONTENT_INTERACTION_RESTRICTED,618295,0,0.0,0.0066658,False
Instagram,STATEMENT_CATEGORY_ILLEGAL_OR_HARMFUL_SPEECH,CONTENT_LABELLED,618295,0,0.0,0.0066658,False
Instagram,STATEMENT_CATEGORY_ILLEGAL_OR_HARMFUL_SPEECH,PROVISION_PARTIAL_SUSPENSION,618295,0,0.0,0.0066658,False
Instagram,STATEMENT_CATEGORY_ILLEGAL_OR_HARMFUL_SPEECH,PROVISION_PARTIAL_TERMINATION,618295,0,0.0,0.0066658,False
Instagram,STATEMENT_CATEGORY_ILLEGAL_OR_HARMFUL_SPEECH,PROVISION_TOTAL_SUSPENSION,618295,0,0.0,0.0066658,False
Instagram,STATEMENT_CATEGORY_ILLEGAL_OR_HARMFUL_SPEECH,PROVISION_TOTAL_TERMINATION,618295,0,0.0,0.0066658,False
Instagram,STATEMENT_CATEGORY_ILLEGAL_OR_HARMFUL_SPEECH,MONETARY_TERMINATION,618295,0,0.0,0.0066658,False
Instagram,STATEMENT_CATEGORY_ILLEGAL_OR_HARMFUL_SPEECH,MONETARY_SUSPENSION,618295,0,0.0,0.0066658,False
Instagram,STATEMENT_CATEGORY_INTELLECTUAL_PROPERTY_INFRINGEMENTS,CONTENT_REMOVED,349957,322634,0.92192469,0.00377287,False
Instagram,STATEMENT_CATEGORY_INTELLECTUAL_PROPERTY_INFRINGEMENTS,ACCOUNT_TERMINATED,349957,27323,0.07807531,0.00377287,False
Instagram,STATEMENT_CATEGORY_INTELLECTUAL_PROPERTY_INFRINGEMENTS,VISIBILITY_OTHER,349957,0,0.0,0.00377287,False
Instagram,STATEMENT_CATEGORY_INTELLECTUAL_PROPERTY_INFRINGEMENTS,CONTENT_DISABLED,349957,0,0.0,0.00377287,False
Instagram,STATEMENT_CATEGORY_INTELLECTUAL_PROPERTY_INFRINGEMENTS,CONTENT_AGE_RESTRICTED,349957,0,0.0,0.00377287,False
Instagram,STATEMENT_CATEGORY_INTELLECTUAL_PROPERTY_INFRINGEMENTS,CONTENT_DEMOTED,349957,0,0.0,0.00377287,False
Instagram,STATEMENT_CATEGORY_INTELLECTUAL_PROPERTY_INFRINGEMENTS,CONTENT_INTERACTION_RESTRICTED,349957,0,0.0,0.00377287,False
Instagram,STATEMENT_CATEGORY_INTELLECTUAL_PROPERTY_INFRINGEMENTS,CONTENT_LABELLED,349957,0,0.0,0.00377287,False
Instagram,STATEMENT_CATEGORY_INTELLECTUAL_PROPERTY_INFRINGEMENTS,ACCOUNT_SUSPENDED,349957,0,0.0,0.00377287,False
Instagram,STATEMENT_CATEGORY_INTELLECTUAL_PROPERTY_INFRINGEMENTS,PROVISION_PARTIAL_SUSPENSION,349957,0,0.0,0.00377287,False
Instagram,STATEMENT_CATEGORY_INTELLECTUAL_PROPERTY_INFRINGEMENTS,PROVISION_PARTIAL_TERMINATION,349957,0,0.0,0.00377287,False
Instagram,STATEMENT_CATEGORY_INTELLECTUAL_PROPERTY_INFRINGEMENTS,PROVISION_TOTAL_SUSPENSION,349957,0,0.0,0.00377287,False
Instagram,STATEMENT_CATEGORY_INTELLECTUAL_PROPERTY_INFRINGEMENTS,PROVISION_TOTAL_TERMINATION,349957,0,0.0,0.00377287,False
Instagram,STATEMENT_CATEGORY_INTELLECTUAL_PROPERTY_INFRINGEMENTS,MONETARY_TERMINATION,349957,0,0.0,0.00377287,False
Instagram,STATEMENT_CATEGORY_INTELLECTUAL_PROPERTY_INFRINGEMENTS,MONETARY_SUSPENSION,349957,0,0.0,0.00377287,False
Instagram,STATEMENT_CATEGORY_NEGATIVE_EFFECTS_ON_CIVIC_DISCOURSE_OR_ELECTIONS,CONTENT_DEMOTED,9808,9666,0.98552202,0.00010574,True
Instagram,STATEMENT_CATEGORY_NEGATIVE_EFFECTS_ON_CIVIC_DISCOURSE_OR_ELECTIONS,CONTENT_REMOVED,9808,141,0.01437602,0.00010574,True
Instagram,STATEMENT_CATEGORY_NEGATIVE_EFFECTS_ON_CIVIC_DISCOURSE_OR_ELECTIONS,CONTENT_DISABLED,9808,1,0.00010196,0.00010574,True
Instagram,STATEMENT_CATEGORY_NEGATIVE_EFFECTS_ON_CIVIC_DISCOURSE_OR_ELECTIONS,VISIBILITY_OTHER,9808,0,0.0,0.00010574,True
Instagram,STATEMENT_CATEGORY_NEGATIVE_EFFECTS_ON_CIVIC_DISCOURSE_OR_ELECTIONS,CONTENT_AGE_RESTRICTED,9808,0,0.0,0.00010574,True
Instagram,STATEMENT_CATEGORY_NEGATIVE_EFFECTS_ON_CIVIC_DISCOURSE_OR_ELECTIONS,CONTENT_INTERACTION_RESTRICTED,9808,0,0.0,0.00010574,True
Instagram,STATEMENT_CATEGORY_NEGATIVE_EFFECTS_ON_CIVIC_DISCOURSE_OR_ELECTIONS,CONTENT_LABELLED,9808,0,0.0,0.00010574,True
Instagram,STATEMENT_CATEGORY_NEGATIVE_EFFECTS_ON_CIVIC_DISCOURSE_OR_ELECTIONS,ACCOUNT_TERMINATED,9808,0,0.0,0.00010574,True
Instagram,STATEMENT_CATEGORY_NEGATIVE_EFFECTS_ON_CIVIC_DISCOURSE_OR_ELECTIONS,ACCOUNT_SUSPENDED,9808,0,0.0,0.00010574,True
Instagram,STATEMENT_CATEGORY_NEGATIVE_EFFECTS_ON_CIVIC_DISCOURSE_OR_ELECTIONS,PROVISION_PARTIAL_SUSPENSION,9808,0,0.0,0.00010574,True
Instagram,STATEMENT_CATEGORY_NEGATIVE_EFFECTS_ON_CIVIC_DISCOURSE_OR_ELECTIONS,PROVISION_PARTIAL_TERMINATION,9808,0,0.0,0.00010574,True
Instagram,STATEMENT_CATEGORY_NEGATIVE_EFFECTS_ON_CIVIC_DISCOURSE_OR_ELECTIONS,PROVISION_TOTAL_SUSPENSION,9808,0,0.0,0.00010574,True
Instagram,STATEMENT_CATEGORY_NEGATIVE_EFFECTS_ON_CIVIC_DISCOURSE_OR_ELECTIONS,PROVISION_TOTAL_TERMINATION,9808,0,0.0,0.00010574,True
Instagram,STATEMENT_CATEGORY_NEGATIVE_EFFECTS_ON_CIVIC_DISCOURSE_OR_ELECTIONS,MONETARY_TERMINATION,9808,0,0.0,0.00010574,True
Instagram,STATEMENT_CATEGORY_NEGATIVE_EFFECTS_ON_CIVIC_DISCOURSE_OR_ELECTIONS,MONETARY_SUSPENSION,9808,0,0.0,0.00010574,True
Instagram,STATEMENT_CATEGORY_OTHER_VIOLATION_TC,ACCOUNT_TERMINATED,31018501,25018155,0.8065559,0.33440861,False
Instagram,STATEMENT_CATEGORY_OTHER_VIOLATION_TC,CONTENT_REMOVED,31018501,4300094,0.13862997,0.33440861,False
Instagram,STATEMENT_CATEGORY_OTHER_VIOLATION_TC,CONTENT_DEMOTED,31018501,1697525,0.05472621,0.33440861,False
Instagram,STATEMENT_CATEGORY_OTHER_VIOLATION_TC,CONTENT_DISABLED,31018501,1868,6.022e-05,0.33440861,False
Instagram,STATEMENT_CATEGORY_OTHER_VIOLATION_TC,ACCOUNT_SUSPENDED,31018501,511,1.647e-05,0.33440861,False
Instagram,STATEMENT_CATEGORY_OTHER_VIOLATION_TC,MONETARY_SUSPENSION,31018501,348,1.122e-05,0.33440861,False
Instagram,STATEMENT_CATEGORY_OTHER_VIOLATION_TC,VISIBILITY_OTHER,31018501,0,0.0,0.33440861,False
Instagram,STATEMENT_CATEGORY_OTHER_VIOLATION_TC,CONTENT_AGE_RESTRICTED,31018501,0,0.0,0.33440861,False
Instagram,STATEMENT_CATEGORY_OTHER_VIOLATION_TC,CONTENT_INTERACTION_RESTRICTED,31018501,0,0.0,0.33440861,False
Instagram,STATEMENT_CATEGORY_OTHER_VIOLATION_TC,CONTENT_LABELLED,31018501,0,0.0,0.33440861,False
Instagram,STATEMENT_CATEGORY_OTHER_VIOLATION_TC,PROVISION_PARTIAL_SUSPENSION,31018501,0,0.0,0.33440861,False
Instagram,STATEMENT_CATEGORY_OTHER_VIOLATION_TC,PROVISION_PARTIAL_TERMINATION,31018501,0,0.0,0.33440861,False
Instagram,STATEMENT_CATEGORY_OTHER_VIOLATION_TC,PROVISION_TOTAL_SUSPENSION,31018501,0,0.0,0.33440861,False
Instagram,STATEMENT_CATEGORY_OTHER_VIOLATION_TC,PROVISION_TOTAL_TERMINATION,31018501,0,0.0,0.33440861,False
Instagram,STATEMENT_CATEGORY_OTHER_VIOLATION_TC,MONETARY_TERMINATION,31018501,0,0.0,0.33440861,False
Instagram,STATEMENT_CATEGORY_PORNOGRAPHY_OR_SEXUALIZED_CONTENT,CONTENT_REMOVED,0,0,,0.0,True
Instagram,STATEMENT_CATEGORY_PORNOGRAPHY_OR_SEXUALIZED_CONTENT,VISIBILITY_OTHER,0,0,,0.0,True
Instagram,STATEMENT_CATEGORY_PORNOGRAPHY_OR_SEXUALIZED_CONTENT,CONTENT_DISABLED,0,0,,0.0,True
Instagram,STATEMENT_CATEGORY_PORNOGRAPHY_OR_SEXUALIZED_CONTENT,CONTENT_AGE_RESTRICTED,0,0,,0.0,True
Instagram,STATEMENT_CATEGORY_PORNOGRAPHY_OR_SEXUALIZED_CONTENT,CONTENT_DEMOTED,0,0,,0.0,True
Instagram,STATEMENT_CATEGORY_PORNOGRAPHY_OR_SEXUALIZED_CONTENT,CONTENT_INTERACTION_RESTRICTED,0,0,,0.0,True
Instagram,STATEMENT_CATEGORY_PORNOGRAPHY_OR_SEXUALIZED_CONTENT,CONTENT_LABELLED,0,0,,0.0,True
Instagram,STATEMENT_CATEGORY_PORNOGRAPHY_OR_SEXUALIZED_CONTENT,ACCOUNT_TERMINATED,0,0,,0.0,True
Instagram,STATEMENT_CATEGORY_PORNOGRAPHY_OR_SEXUALIZED_CONTENT,ACCOUNT_SUSPENDED,0,0,,0.0,True
Instagram,STATEMENT_CATEGORY_PORNOGRAPHY_OR_SEXUALIZED_CONTENT,PROVISION_PARTIAL_SUSPENSION,0,0,,0.0,True
Instagram,STATEMENT_CATEGORY_PORNOGRAPHY_OR_SEXUALIZED_CONTENT,PROVISION_PARTIAL_TERMINATION,0,0,,0.0,True
Instagram,STATEMENT_CATEGORY_PORNOGRAPHY_OR_SEXUALIZED_CONTENT,PROVISION_TOTAL_SUSPENSION,0,0,,0.0,True
Instagram,STATEMENT_CATEGORY_PORNOGRAPHY_OR_SEXUALIZED_CONTENT,PROVISION_TOTAL_TERMINATION,0,0,,0.0,True
Instagram,STATEMENT_CATEGORY_PORNOGRAPHY_OR_SEXUALIZED_CONTENT,MONETARY_TERMINATION,0,0,,0.0,True
Instagram,STATEMENT_CATEGORY_PORNOGRAPHY_OR_SEXUALIZED_CONTENT,MONETARY_SUSPENSION,0,0,,0.0,True
Instagram,STATEMENT_CATEGORY_PROTECTION_OF_MINORS,ACCOUNT_TERMINATED,1359964,967273,0.71124897,0.01466169,False
Instagram,STATEMENT_CATEGORY_PROTECTION_OF_MINORS,CONTENT_REMOVED,1359964,378159,0.27806545,0.01466169,False
Instagram,STATEMENT_CATEGORY_PROTECTION_OF_MINORS,CONTENT_DEMOTED,1359964,14532,0.01068558,0.01466169,False
Instagram,STATEMENT_CATEGORY_PROTECTION_OF_MINORS,VISIBILITY_OTHER,1359964,0,0.0,0.01466169,False
Instagram,STATEMENT_CATEGORY_PROTECTION_OF_MINORS,CONTENT_DISABLED,1359964,0,0.0,0.01466169,False
Instagram,STATEMENT_CATEGORY_PROTECTION_OF_MINORS,CONTENT_AGE_RESTRICTED,1359964,0,0.0,0.01466169,False
Instagram,STATEMENT_CATEGORY_PROTECTION_OF_MINORS,CONTENT_INTERACTION_RESTRICTED,1359964,0,0.0,0.01466169,False
Instagram,STATEMENT_CATEGORY_PROTECTION_OF_MINORS,CONTENT_LABELLED,1359964,0,0.0,0.01466169,False
Instagram,STATEMENT_CATEGORY_PROTECTION_OF_MINORS,ACCOUNT_SUSPENDED,1359964,0,0.0,0.01466169,False
Instagram,STATEMENT_CATEGORY_PROTECTION_OF_MINORS,PROVISION_PARTIAL_SUSPENSION,1359964,0,0.0,0.01466169,False
Instagram,STATEMENT_CATEGORY_PROTECTION_OF_MINORS,PROVISION_PARTIAL_TERMINATION,1359964,0,0.0,0.01466169,False
Instagram,STATEMENT_CATEGORY_PROTECTION_OF_MINORS,PROVISION_TOTAL_SUSPENSION,1359964,0,0.0,0.01466169,False
Instagram,STATEMENT_CATEGORY_PROTECTION_OF_MINORS,PROVISION_TOTAL_TERMINATION,1359964,0,0.0,0.01466169,False
Instagram,STATEMENT_CATEGORY_PROTECTION_OF_MINORS,MONETARY_TERMINATION,1359964,0,0.0,0.01466169,False
Instagram,STATEMENT_CATEGORY_PROTECTION_OF_MINORS,MONETARY_SUSPENSION,1359964,0,0.0,0.01466169,False
Instagram,STATEMENT_CATEGORY_RISK_FOR_PUBLIC_SECURITY,CONTENT_REMOVED,177629,168084,0.94626441,0.00191501,False
Instagram,STATEMENT_CATEGORY_RISK_FOR_PUBLIC_SECURITY,ACCOUNT_TERMINATED,177629,9542,0.05371871,0.00191501,False
Instagram,STATEMENT_CATEGORY_RISK_FOR_PUBLIC_SECURITY,ACCOUNT_SUSPENDED,177629,3,1.689e-05,0.00191501,False
Instagram,STATEMENT_CATEGORY_RISK_FOR_PUBLIC_SECURITY,VISIBILITY_OTHER,177629,0,0.0,0.00191501,False
Instagram,STATEMENT_CATEGORY_RISK_FOR_PUBLIC_SECURITY,CONTENT_DISABLED,177629,0,0.0,0.00191501,False
Instagram,STATEMENT_CATEGORY_RISK_FOR_PUBLIC_SECURITY,CONTENT_AGE_RESTRICTED,177629,0,0.0,0.00191501,False
Instagram,STATEMENT_CATEGORY_RISK_FOR_PUBLIC_SECURITY,CONTENT_DEMOTED,177629,0,0.0,0.00191501,False
Instagram,STATEMENT_CATEGORY_RISK_FOR_PUBLIC_SECURITY,CONTENT_INTERACTION_RESTRICTED,177629,0,0.0,0.00191501,False
Instagram,STATEMENT_CATEGORY_RISK_FOR_PUBLIC_SECURITY,CONTENT_LABELLED,177629,0,0.0,0.00191501,False
Instagram,STATEMENT_CATEGORY_RISK_FOR_PUBLIC_SECURITY,PROVISION_PARTIAL_SUSPENSION,177629,0,0.0,0.00191501,False
Instagram,STATEMENT_CATEGORY_RISK_FOR_PUBLIC_SECURITY,PROVISION_PARTIAL_TERMINATION,177629,0,0.0,0.00191501,False
Instagram,STATEMENT_CATEGORY_RISK_FOR_PUBLIC_SECURITY,PROVISION_TOTAL_SUSPENSION,177629,0,0.0,0.00191501,False
Instagram,STATEMENT_CATEGORY_RISK_FOR_PUBLIC_SECURITY,PROVISION_TOTAL_TERMINATION,177629,0,0.0,0.00191501,False
Instagram,STATEMENT_CATEGORY_RISK_FOR_PUBLIC_SECURITY,MONETARY_TERMINATION,177629,0,0.0,0.00191501,False
Instagram,STATEMENT_CATEGORY_RISK_FOR_PUBLIC_SECURITY,MONETARY_SUSPENSION,177629,0,0.0,0.00191501,False
Instagram,STATEMENT_CATEGORY_SCAMS_AND_FRAUD,ACCOUNT_TERMINATED,47973134,47384761,0.98773536,0.5171955,False
Instagram,STATEMENT_CATEGORY_SCAMS_AND_FRAUD,CONTENT_REMOVED,47973134,587837,0.01225346,0.5171955,False
Instagram,STATEMENT_CATEGORY_SCAMS_AND_FRAUD,CONTENT_DISABLED,47973134,510,1.063e-05,0.5171955,False
Instagram,STATEMENT_CATEGORY_SCAMS_AND_FRAUD,ACCOUNT_SUSPENDED,47973134,26,5.4e-07,0.5171955,False
Instagram,STATEMENT_CATEGORY_SCAMS_AND_FRAUD,VISIBILITY_OTHER,47973134,0,0.0,0.5171955,False
Instagram,STATEMENT_CATEGORY_SCAMS_AND_FRAUD,CONTENT_AGE_RESTRICTED,47973134,0,0.0,0.5171955,False
Instagram,STATEMENT_CATEGORY_SCAMS_AND_FRAUD,CONTENT_DEMOTED,47973134,0,0.0,0.5171955,False
Instagram,STATEMENT_CATEGORY_SCAMS_AND_FRAUD,CONTENT_INTERACTION_RESTRICTED,47973134,0,0.0,0.5171955,False
Instagram,STATEMENT_CATEGORY_SCAMS_AND_FRAUD,CONTENT_LABELLED,47973134,0,0.0,0.5171955,False
Instagram,STATEMENT_CATEGORY_SCAMS_AND_FRAUD,PROVISION_PARTIAL_SUSPENSION,47973134,0,0.0,0.5171955,False
Instagram,STATEMENT_CATEGORY_SCAMS_AND_FRAUD,PROVISION_PARTIAL_TERMINATION,47973134,0,0.0,0.5171955,False
Instagram,STATEMENT_CATEGORY_SCAMS_AND_FRAUD,PROVISION_TOTAL_SUSPENSION,47973134,0,0.0,0.5171955,False
Instagram,STATEMENT_CATEGORY_SCAMS_AND_FRAUD,PROVISION_TOTAL_TERMINATION,47973134,0,0.0,0.5171955,False
Instagram,STATEMENT_CATEGORY_SCAMS_AND_FRAUD,MONETARY_TERMINATION,47973134,0,0.0,0.5171955,False
Instagram,STATEMENT_CATEGORY_SCAMS_AND_FRAUD,MONETARY_SUSPENSION,47973134,0,0.0,0.5171955,False
Instagram,STATEMENT_CATEGORY_SCOPE_OF_PLATFORM_SERVICE,CONTENT_REMOVED,0,0,,0.0,True
Instagram,STATEMENT_CATEGORY_SCOPE_OF_PLATFORM_SERVICE,VISIBILITY_OTHER,0,0,,0.0,True
Instagram,STATEMENT_CATEGORY_SCOPE_OF_PLATFORM_SERVICE,CONTENT_DISABLED,0,0,,0.0,True
Instagram,STATEMENT_CATEGORY_SCOPE_OF_PLATFORM_SERVICE,CONTENT_AGE_RESTRICTED,0,0,,0.0,True
Instagram,STATEMENT_CATEGORY_SCOPE_OF_PLATFORM_SERVICE,CONTENT_DEMOTED,0,0,,0.0,True
Instagram,STATEMENT_CATEGORY_SCOPE_OF_PLATFORM_SERVICE,CONTENT_INTERACTION_RESTRICTED,0,0,,0.0,True
Instagram,STATEMENT_CATEGORY_SCOPE_OF_PLATFORM_SERVICE,CONTENT_LABELLED,0,0,,0.0,True
Instagram,STATEMENT_CATEGORY_SCOPE_OF_PLATFORM_SERVICE,ACCOUNT_TERMINATED,0,0,,0.0,True
Instagram,STATEMENT_CATEGORY_SCOPE_OF_PLATFORM_SERVICE,ACCOUNT_SUSPENDED,0,0,,0.0,True
Instagram,STATEMENT_CATEGORY_SCOPE_OF_PLATFORM_SERVICE,PROVISION_PARTIAL_SUSPENSION,0,0,,0.0,True
Instagram,STATEMENT_CATEGORY_SCOPE_OF_PLATFORM_SERVICE,PROVISION_PARTIAL_TERMINATION,0,0,,0.0,True
Instagram,STATEMENT_CATEGORY_SCOPE_OF_PLATFORM_SERVICE,PROVISION_TOTAL_SUSPENSION,0,0,,0.0,True
Instagram,STATEMENT_CATEGORY_SCOPE_OF_PLATFORM_SERVICE,PROVISION_TOTAL_TERMINATION,0,0,,0.0,True
Instagram,STATEMENT_CATEGORY_SCOPE_OF_PLATFORM_SERVICE,MONETARY_TERMINATION,0,0,,0.0,True
Instagram,STATEMENT_CATEGORY_SCOPE_OF_PLATFORM_SERVICE,MONETARY_SUSPENSION,0,0,,0.0,True
Instagram,STATEMENT_CATEGORY_SELF_HARM,CONTENT_REMOVED,197089,187716,0.95244281,0.0021248,False
Instagram,STATEMENT_CATEGORY_SELF_HARM,CONTENT_DEMOTED,197089,6515,0.03305613,0.0021248,False
Instagram,STATEMENT_CATEGORY_SELF_HARM,ACCOUNT_TERMINATED,197089,2858,0.01450106,0.0021248,False
Instagram,STATEMENT_CATEGORY_SELF_HARM,VISIBILITY_OTHER,197089,0,0.0,0.0021248,False
Instagram,STATEMENT_CATEGORY_SELF_HARM,CONTENT_DISABLED,197089,0,0.0,0.0021248,False
Instagram,STATEMENT_CATEGORY_SELF_HARM,CONTENT_AGE_RESTRICTED,197089,0,0.0,0.0021248,False
Instagram,STATEMENT_CATEGORY_SELF_HARM,CONTENT_INTERACTION_RESTRICTED,197089,0,0.0,0.0021248,False
Instagram,STATEMENT_CATEGORY_SELF_HARM,CONTENT_LABELLED,197089,0,0.0,0.0021248,False
Instagram,STATEMENT_CATEGORY_SELF_HARM,ACCOUNT_SUSPENDED,197089,0,0.0,0.0021248,False
Instagram,STATEMENT_CATEGORY_SELF_HARM,PROVISION_PARTIAL_SUSPENSION,197089,0,0.0,0.0021248,False
Instagram,STATEMENT_CATEGORY_SELF_HARM,PROVISION_PARTIAL_TERMINATION,197089,0,0.0,0.0021248,False
Instagram,STATEMENT_CATEGORY_SELF_HARM,PROVISION_TOTAL_SUSPENSION,197089,0,0.0,0.0021248,False
Instagram,STATEMENT_CATEGORY_SELF_HARM,PROVISION_TOTAL_TERMINATION,197089,0,0.0,0.0021248,False
Instagram,STATEMENT_CATEGORY_SELF_HARM,MONETARY_TERMINATION,197089,0,0.0,0.0021248,False
Instagram,STATEMENT_CATEGORY_SELF_HARM,MONETARY_SUSPENSION,197089,0,0.0,0.0021248,False
Instagram,STATEMENT_CATEGORY_UNSAFE_AND_PROHIBITED_PRODUCTS,CONTENT_DEMOTED,657406,372077,0.56597749,0.00708745,False
Instagram,STATEMENT_CATEGORY_UNSAFE_AND_PROHIBITED_PRODUCTS,CONTENT_REMOVED,657406,213441,0.32467151,0.00708745,False
Instagram,STATEMENT_CATEGORY_UNSAFE_AND_PROHIBITED_PRODUCTS,ACCOUNT_TERMINATED,657406,71755,0.10914868,0.00708745,False
Instagram,STATEMENT_CATEGORY_UNSAFE_AND_PROHIBITED_PRODUCTS,ACCOUNT_SUSPENDED,657406,92,0.00013994,0.00708745,False
Instagram,STATEMENT_CATEGORY_UNSAFE_AND_PROHIBITED_PRODUCTS,CONTENT_DISABLED,657406,41,6.237e-05,0.00708745,False
Instagram,STATEMENT_CATEGORY_UNSAFE_AND_PROHIBITED_PRODUCTS,VISIBILITY_OTHER,657406,0,0.0,0.00708745,False
Instagram,STATEMENT_CATEGORY_UNSAFE_AND_PROHIBITED_PRODUCTS,CONTENT_AGE_RESTRICTED,657406,0,0.0,0.00708745,False
Instagram,STATEMENT_CATEGORY_UNSAFE_AND_PROHIBITED_PRODUCTS,CONTENT_INTERACTION_RESTRICTED,657406,0,0.0,0.00708745,False
Instagram,STATEMENT_CATEGORY_UNSAFE_AND_PROHIBITED_PRODUCTS,CONTENT_LABELLED,657406,0,0.0,0.00708745,False
Instagram,STATEMENT_CATEGORY_UNSAFE_AND_PROHIBITED_PRODUCTS,PROVISION_PARTIAL_SUSPENSION,657406,0,0.0,0.00708745,False
Instagram,STATEMENT_CATEGORY_UNSAFE_AND_PROHIBITED_PRODUCTS,PROVISION_PARTIAL_TERMINATION,657406,0,0.0,0.00708745,False
Instagram,STATEMENT_CATEGORY_UNSAFE_AND_PROHIBITED_PRODUCTS,PROVISION_TOTAL_SUSPENSION,657406,0,0.0,0.00708745,False
Instagram,STATEMENT_CATEGORY_UNSAFE_AND_PROHIBITED_PRODUCTS,PROVISION_TOTAL_TERMINATION,657406,0,0.0,0.00708745,False
Instagram,STATEMENT_CATEGORY_UNSAFE_AND_PROHIBITED_PRODUCTS,MONETARY_TERMINATION,657406,0,0.0,0.00708745,False
Instagram,STATEMENT_CATEGORY_UNSAFE_AND_PROHIBITED_PRODUCTS,MONETARY_SUSPENSION,657406,0,0.0,0.00708745,False
Instagram,STATEMENT_CATEGORY_VIOLENCE,CONTENT_DEMOTED,1788909,1183806,0.66174747,0.01928612,False
Instagram,STATEMENT_CATEGORY_VIOLENCE,CONTENT_REMOVED,1788909,517036,0.28902309,0.01928612,False
Instagram,STATEMENT_CATEGORY_VIOLENCE,ACCOUNT_TERMINATED,1788909,88067,0.04922945,0.01928612,False
Instagram,STATEMENT_CATEGORY_VIOLENCE,VISIBILITY_OTHER,1788909,0,0.0,0.01928612,False
Instagram,STATEMENT_CATEGORY_VIOLENCE,CONTENT_DISABLED,1788909,0,0.0,0.01928612,False
Instagram,STATEMENT_CATEGORY_VIOLENCE,CONTENT_AGE_RESTRICTED,1788909,0,0.0,0.01928612,False
Instagram,STATEMENT_CATEGORY_VIOLENCE,CONTENT_INTERACTION_RESTRICTED,1788909,0,0.0,0.01928612,False
Instagram,STATEMENT_CATEGORY_VIOLENCE,CONTENT_LABELLED,1788909,0,0.0,0.01928612,False
Instagram,STATEMENT_CATEGORY_VIOLENCE,ACCOUNT_SUSPENDED,1788909,0,0.0,0.01928612,False
Instagram,STATEMENT_CATEGORY_VIOLENCE,PROVISION_PARTIAL_SUSPENSION,1788909,0,0.0,0.01928612,False
Instagram,STATEMENT_CATEGORY_VIOLENCE,PROVISION_PARTIAL_TERMINATION,1788909,0,0.0,0.01928612,False
Instagram,STATEMENT_CATEGORY_VIOLENCE,PROVISION_TOTAL_SUSPENSION,1788909,0,0.0,0.01928612,False
Instagram,STATEMENT_CATEGORY_VIOLENCE,PROVISION_TOTAL_TERMINATION,1788909,0,0.0,0.01928612,False
Instagram,STATEMENT_CATEGORY_VIOLENCE,MONETARY_TERMINATION,1788909,0,0.0,0.01928612,False
Instagram,STATEMENT_CATEGORY_VIOLENCE,MONETARY_SUSPENSION,1788909,0,0.0,0.01928612,False
TikTok,STATEMENT_CATEGORY_ANIMAL_WELFARE,CONTENT_REMOVED,380454,314315,0.8261577,0.00079173,True
TikTok,STATEMENT_CATEGORY_ANIMAL_WELFARE,VISIBILITY_OTHER,380454,60910,0.1600982,0.00079173,True
TikTok,STATEMENT_CATEGORY_ANIMAL_WELFARE,CONTENT_AGE_RESTRICTED,380454,2962,0.00778544,0.00079173,True
TikTok,STATEMENT_CATEGORY_ANIMAL_WELFARE,PROVISION_PARTIAL_SUSPENSION,380454,2216,0.00582462,0.00079173,True
TikTok,STATEMENT_CATEGORY_ANIMAL_WELFARE,CONTENT_DEMOTED,380454,212,0.00055723,0.00079173,True
TikTok,STATEMENT_CATEGORY_ANIMAL_WELFARE,CONTENT_DISABLED,380454,51,0.00013405,0.00079173,True
TikTok,STATEMENT_CATEGORY_ANIMAL_WELFARE,CONTENT_INTERACTION_RESTRICTED,380454,0,0.0,0.00079173,True
TikTok,STATEMENT_CATEGORY_ANIMAL_WELFARE,CONTENT_LABELLED,380454,0,0.0,0.00079173,True
TikTok,STATEMENT_CATEGORY_ANIMAL_WELFARE,ACCOUNT_TERMINATED,380454,0,0.0,0.00079173,True
TikTok,STATEMENT_CATEGORY_ANIMAL_WELFARE,ACCOUNT_SUSPENDED,380454,0,0.0,0.00079173,True
TikTok,STATEMENT_CATEGORY_ANIMAL_WELFARE,PROVISION_PARTIAL_TERMINATION,380454,0,0.0,0.00079173,True
TikTok,STATEMENT_CATEGORY_ANIMAL_WELFARE,PROVISION_TOTAL_SUSPENSION,380454,0,0.0,0.00079173,True
TikTok,STATEMENT_CATEGORY_ANIMAL_WELFARE,PROVISION_TOTAL_TERMINATION,380454,0,0.0,0.00079173,True
TikTok,STATEMENT_CATEGORY_ANIMAL_WELFARE,MONETARY_TERMINATION,380454,0,0.0,0.00079173,True
TikTok,STATEMENT_CATEGORY_ANIMAL_WELFARE,MONETARY_SUSPENSION,380454,0,0.0,0.00079173,True
TikTok,STATEMENT_CATEGORY_CONSUMER_INFORMATION,CONTENT_REMOVED,0,0,,0.0,True
TikTok,STATEMENT_CATEGORY_CONSUMER_INFORMATION,VISIBILITY_OTHER,0,0,,0.0,True
TikTok,STATEMENT_CATEGORY_CONSUMER_INFORMATION,CONTENT_DISABLED,0,0,,0.0,True
TikTok,STATEMENT_CATEGORY_CONSUMER_INFORMATION,CONTENT_AGE_RESTRICTED,0,0,,0.0,True
TikTok,STATEMENT_CATEGORY_CONSUMER_INFORMATION,CONTENT_DEMOTED,0,0,,0.0,True
TikTok,STATEMENT_CATEGORY_CONSUMER_INFORMATION,CONTENT_INTERACTION_RESTRICTED,0,0,,0.0,True
TikTok,STATEMENT_CATEGORY_CONSUMER_INFORMATION,CONTENT_LABELLED,0,0,,0.0,True
TikTok,STATEMENT_CATEGORY_CONSUMER_INFORMATION,ACCOUNT_TERMINATED,0,0,,0.0,True
TikTok,STATEMENT_CATEGORY_CONSUMER_INFORMATION,ACCOUNT_SUSPENDED,0,0,,0.0,True
TikTok,STATEMENT_CATEGORY_CONSUMER_INFORMATION,PROVISION_PARTIAL_SUSPENSION,0,0,,0.0,True
TikTok,STATEMENT_CATEGORY_CONSUMER_INFORMATION,PROVISION_PARTIAL_TERMINATION,0,0,,0.0,True
TikTok,STATEMENT_CATEGORY_CONSUMER_INFORMATION,PROVISION_TOTAL_SUSPENSION,0,0,,0.0,True
TikTok,STATEMENT_CATEGORY_CONSUMER_INFORMATION,PROVISION_TOTAL_TERMINATION,0,0,,0.0,True
TikTok,STATEMENT_CATEGORY_CONSUMER_INFORMATION,MONETARY_TERMINATION,0,0,,0.0,True
TikTok,STATEMENT_CATEGORY_CONSUMER_INFORMATION,MONETARY_SUSPENSION,0,0,,0.0,True
TikTok,STATEMENT_CATEGORY_CYBER_VIOLENCE,CONTENT_DISABLED,10664,9726,0.91204051,2.219e-05,True
TikTok,STATEMENT_CATEGORY_CYBER_VIOLENCE,CONTENT_REMOVED,10664,924,0.08664666,2.219e-05,True
TikTok,STATEMENT_CATEGORY_CYBER_VIOLENCE,VISIBILITY_OTHER,10664,14,0.00131283,2.219e-05,True
TikTok,STATEMENT_CATEGORY_CYBER_VIOLENCE,CONTENT_AGE_RESTRICTED,10664,0,0.0,2.219e-05,True
TikTok,STATEMENT_CATEGORY_CYBER_VIOLENCE,CONTENT_DEMOTED,10664,0,0.0,2.219e-05,True
TikTok,STATEMENT_CATEGORY_CYBER_VIOLENCE,CONTENT_INTERACTION_RESTRICTED,10664,0,0.0,2.219e-05,True
TikTok,STATEMENT_CATEGORY_CYBER_VIOLENCE,CONTENT_LABELLED,10664,0,0.0,2.219e-05,True
TikTok,STATEMENT_CATEGORY_CYBER_VIOLENCE,ACCOUNT_TERMINATED,10664,0,0.0,2.219e-05,True
TikTok,STATEMENT_CATEGORY_CYBER_VIOLENCE,ACCOUNT_SUSPENDED,10664,0,0.0,2.219e-05,True
TikTok,STATEMENT_CATEGORY_CYBER_VIOLENCE,PROVISION_PARTIAL_SUSPENSION,10664,0,0.0,2.219e-05,True
TikTok,STATEMENT_CATEGORY_CYBER_VIOLENCE,PROVISION_PARTIAL_TERMINATION,10664,0,0.0,2.219e-05,True
TikTok,STATEMENT_CATEGORY_CYBER_VIOLENCE,PROVISION_TOTAL_SUSPENSION,10664,0,0.0,2.219e-05,True
TikTok,STATEMENT_CATEGORY_CYBER_VIOLENCE,PROVISION_TOTAL_TERMINATION,10664,0,0.0,2.219e-05,True
TikTok,STATEMENT_CATEGORY_CYBER_VIOLENCE,MONETARY_TERMINATION,10664,0,0.0,2.219e-05,True
TikTok,STATEMENT_CATEGORY_CYBER_VIOLENCE,MONETARY_SUSPENSION,10664,0,0.0,2.219e-05,True
TikTok,STATEMENT_CATEGORY_DATA_PROTECTION_AND_PRIVACY_VIOLATIONS,CONTENT_REMOVED,2143309,1777736,0.82943523,0.00446028,False
TikTok,STATEMENT_CATEGORY_DATA_PROTECTION_AND_PRIVACY_VIOLATIONS,VISIBILITY_OTHER,2143309,301766,0.14079444,0.00446028,False
TikTok,STATEMENT_CATEGORY_DATA_PROTECTION_AND_PRIVACY_VIOLATIONS,CONTENT_DISABLED,2143309,62511,0.02916565,0.00446028,False
TikTok,STATEMENT_CATEGORY_DATA_PROTECTION_AND_PRIVACY_VIOLATIONS,PROVISION_PARTIAL_SUSPENSION,2143309,1276,0.00059534,0.00446028,False
TikTok,STATEMENT_CATEGORY_DATA_PROTECTION_AND_PRIVACY_VIOLATIONS,CONTENT_DEMOTED,2143309,198,9.238e-05,0.00446028,False
TikTok,STATEMENT_CATEGORY_DATA_PROTECTION_AND_PRIVACY_VIOLATIONS,CONTENT_AGE_RESTRICTED,2143309,20,9.33e-06,0.00446028,False
TikTok,STATEMENT_CATEGORY_DATA_PROTECTION_AND_PRIVACY_VIOLATIONS,CONTENT_INTERACTION_RESTRICTED,2143309,0,0.0,0.00446028,False
TikTok,STATEMENT_CATEGORY_DATA_PROTECTION_AND_PRIVACY_VIOLATIONS,CONTENT_LABELLED,2143309,0,0.0,0.00446028,False
TikTok,STATEMENT_CATEGORY_DATA_PROTECTION_AND_PRIVACY_VIOLATIONS,ACCOUNT_TERMINATED,2143309,0,0.0,0.00446028,False
TikTok,STATEMENT_CATEGORY_DATA_PROTECTION_AND_PRIVACY_VIOLATIONS,ACCOUNT_SUSPENDED,2143309,0,0.0,0.00446028,False
TikTok,STATEMENT_CATEGORY_DATA_PROTECTION_AND_PRIVACY_VIOLATIONS,PROVISION_PARTIAL_TERMINATION,2143309,0,0.0,0.00446028,False
TikTok,STATEMENT_CATEGORY_DATA_PROTECTION_AND_PRIVACY_VIOLATIONS,PROVISION_TOTAL_SUSPENSION,2143309,0,0.0,0.00446028,False
TikTok,STATEMENT_CATEGORY_DATA_PROTECTION_AND_PRIVACY_VIOLATIONS,PROVISION_TOTAL_TERMINATION,2143309,0,0.0,0.00446028,False
TikTok,STATEMENT_CATEGORY_DATA_PROTECTION_AND_PRIVACY_VIOLATIONS,MONETARY_TERMINATION,2143309,0,0.0,0.00446028,False
TikTok,STATEMENT_CATEGORY_DATA_PROTECTION_AND_PRIVACY_VIOLATIONS,MONETARY_SUSPENSION,2143309,0,0.0,0.00446028,False
TikTok,STATEMENT_CATEGORY_ILLEGAL_OR_HARMFUL_SPEECH,CONTENT_REMOVED,73417484,69994541,0.953377,0.15278371,False
TikTok,STATEMENT_CATEGORY_ILLEGAL_OR_HARMFUL_SPEECH,VISIBILITY_OTHER,73417484,2264897,0.03084956,0.15278371,False
TikTok,STATEMENT_CATEGORY_ILLEGAL_OR_HARMFUL_SPEECH,PROVISION_PARTIAL_SUSPENSION,73417484,1122431,0.01528833,0.15278371,False
TikTok,STATEMENT_CATEGORY_ILLEGAL_OR_HARMFUL_SPEECH,CONTENT_DISABLED,73417484,18864,0.00025694,0.15278371,False
TikTok,STATEMENT_CATEGORY_ILLEGAL_OR_HARMFUL_SPEECH,CONTENT_AGE_RESTRICTED,73417484,16826,0.00022918,0.15278371,False
TikTok,STATEMENT_CATEGORY_ILLEGAL_OR_HARMFUL_SPEECH,CONTENT_DEMOTED,73417484,104,1.42e-06,0.15278371,False
TikTok,STATEMENT_CATEGORY_ILLEGAL_OR_HARMFUL_SPEECH,CONTENT_INTERACTION_RESTRICTED,73417484,0,0.0,0.15278371,False
TikTok,STATEMENT_CATEGORY_ILLEGAL_OR_HARMFUL_SPEECH,CONTENT_LABELLED,73417484,0,0.0,0.15278371,False
TikTok,STATEMENT_CATEGORY_ILLEGAL_OR_HARMFUL_SPEECH,ACCOUNT_TERMINATED,73417484,0,0.0,0.15278371,False
TikTok,STATEMENT_CATEGORY_ILLEGAL_OR_HARMFUL_SPEECH,ACCOUNT_SUSPENDED,73417484,0,0.0,0.15278371,False
TikTok,STATEMENT_CATEGORY_ILLEGAL_OR_HARMFUL_SPEECH,PROVISION_PARTIAL_TERMINATION,73417484,0,0.0,0.15278371,False
TikTok,STATEMENT_CATEGORY_ILLEGAL_OR_HARMFUL_SPEECH,PROVISION_TOTAL_SUSPENSION,73417484,0,0.0,0.15278371,False
TikTok,STATEMENT_CATEGORY_ILLEGAL_OR_HARMFUL_SPEECH,PROVISION_TOTAL_TERMINATION,73417484,0,0.0,0.15278371,False
TikTok,STATEMENT_CATEGORY_ILLEGAL_OR_HARMFUL_SPEECH,MONETARY_TERMINATION,73417484,0,0.0,0.15278371,False
TikTok,STATEMENT_CATEGORY_ILLEGAL_OR_HARMFUL_SPEECH,MONETARY_SUSPENSION,73417484,0,0.0,0.15278371,False
TikTok,STATEMENT_CATEGORY_INTELLECTUAL_PROPERTY_INFRINGEMENTS,VISIBILITY_OTHER,627729,523098,0.8333182,0.00130632,False
TikTok,STATEMENT_CATEGORY_INTELLECTUAL_PROPERTY_INFRINGEMENTS,CONTENT_REMOVED,627729,108798,0.17332002,0.00130632,False
TikTok,STATEMENT_CATEGORY_INTELLECTUAL_PROPERTY_INFRINGEMENTS,CONTENT_AGE_RESTRICTED,627729,675,0.0010753,0.00130632,False
TikTok,STATEMENT_CATEGORY_INTELLECTUAL_PROPERTY_INFRINGEMENTS,CONTENT_DISABLED,627729,0,0.0,0.00130632,False
TikTok,STATEMENT_CATEGORY_INTELLECTUAL_PROPERTY_INFRINGEMENTS,CONTENT_DEMOTED,627729,0,0.0,0.00130632,False
TikTok,STATEMENT_CATEGORY_INTELLECTUAL_PROPERTY_INFRINGEMENTS,CONTENT_INTERACTION_RESTRICTED,627729,0,0.0,0.00130632,False
TikTok,STATEMENT_CATEGORY_INTELLECTUAL_PROPERTY_INFRINGEMENTS,CONTENT_LABELLED,627729,0,0.0,0.00130632,False
TikTok,STATEMENT_CATEGORY_INTELLECTUAL_PROPERTY_INFRINGEMENTS,ACCOUNT_TERMINATED,627729,0,0.0,0.00130632,False
TikTok,STATEMENT_CATEGORY_INTELLECTUAL_PROPERTY_INFRINGEMENTS,ACCOUNT_SUSPENDED,627729,0,0.0,0.00130632,False
TikTok,STATEMENT_CATEGORY_INTELLECTUAL_PROPERTY_INFRINGEMENTS,PROVISION_PARTIAL_SUSPENSION,627729,0,0.0,0.00130632,False
TikTok,STATEMENT_CATEGORY_INTELLECTUAL_PROPERTY_INFRINGEMENTS,PROVISION_PARTIAL_TERMINATION,627729,0,0.0,0.00130632,False
TikTok,STATEMENT_CATEGORY_INTELLECTUAL_PROPERTY_INFRINGEMENTS,PROVISION_TOTAL_SUSPENSION,627729,0,0.0,0.00130632,False
TikTok,STATEMENT_CATEGORY_INTELLECTUAL_PROPERTY_INFRINGEMENTS,PROVISION_TOTAL_TERMINATION,627729,0,0.0,0.00130632,False
TikTok,STATEMENT_CATEGORY_INTELLECTUAL_PROPERTY_INFRINGEMENTS,MONETARY_TERMINATION,627729,0,0.0,0.00130632,False
TikTok,STATEMENT_CATEGORY_INTELLECTUAL_PROPERTY_INFRINGEMENTS,MONETARY_SUSPENSION,627729,0,0.0,0.00130632,False
TikTok,STATEMENT_CATEGORY_NEGATIVE_EFFECTS_ON_CIVIC_DISCOURSE_OR_ELECTIONS,VISIBILITY_OTHER,14679391,11813605,0.80477487,0.0305482,False
TikTok,STATEMENT_CATEGORY_NEGATIVE_EFFECTS_ON_CIVIC_DISCOURSE_OR_ELECTIONS,CONTENT_REMOVED,14679391,2828819,0.19270684,0.0305482,False
TikTok,STATEMENT_CATEGORY_NEGATIVE_EFFECTS_ON_CIVIC_DISCOURSE_OR_ELECTIONS,CONTENT_AGE_RESTRICTED,14679391,36616,0.00249438,0.0305482,False
TikTok,STATEMENT_CATEGORY_NEGATIVE_EFFECTS_ON_CIVIC_DISCOURSE_OR_ELECTIONS,PROVISION_PARTIAL_SUSPENSION,14679391,304,2.071e-05,0.0305482,False
TikTok,STATEMENT_CATEGORY_NEGATIVE_EFFECTS_ON_CIVIC_DISCOURSE_OR_ELECTIONS,CONTENT_DISABLED,14679391,47,3.2e-06,0.0305482,False
TikTok,STATEMENT_CATEGORY_NEGATIVE_EFFECTS_ON_CIVIC_DISCOURSE_OR_ELECTIONS,CONTENT_DEMOTED,14679391,2,1.4e-07,0.0305482,False
TikTok,STATEMENT_CATEGORY_NEGATIVE_EFFECTS_ON_CIVIC_DISCOURSE_OR_ELECTIONS,CONTENT_INTERACTION_RESTRICTED,14679391,0,0.0,0.0305482,False
TikTok,STATEMENT_CATEGORY_NEGATIVE_EFFECTS_ON_CIVIC_DISCOURSE_OR_ELECTIONS,CONTENT_LABELLED,14679391,0,0.0,0.0305482,False
TikTok,STATEMENT_CATEGORY_NEGATIVE_EFFECTS_ON_CIVIC_DISCOURSE_OR_ELECTIONS,ACCOUNT_TERMINATED,14679391,0,0.0,0.0305482,False
TikTok,STATEMENT_CATEGORY_NEGATIVE_EFFECTS_ON_CIVIC_DISCOURSE_OR_ELECTIONS,ACCOUNT_SUSPENDED,14679391,0,0.0,0.0305482,False
TikTok,STATEMENT_CATEGORY_NEGATIVE_EFFECTS_ON_CIVIC_DISCOURSE_OR_ELECTIONS,PROVISION_PARTIAL_TERMINATION,14679391,0,0.0,0.0305482,False
TikTok,STATEMENT_CATEGORY_NEGATIVE_EFFECTS_ON_CIVIC_DISCOURSE_OR_ELECTIONS,PROVISION_TOTAL_SUSPENSION,14679391,0,0.0,0.0305482,False
TikTok,STATEMENT_CATEGORY_NEGATIVE_EFFECTS_ON_CIVIC_DISCOURSE_OR_ELECTIONS,PROVISION_TOTAL_TERMINATION,14679391,0,0.0,0.0305482,False
TikTok,STATEMENT_CATEGORY_NEGATIVE_EFFECTS_ON_CIVIC_DISCOURSE_OR_ELECTIONS,MONETARY_TERMINATION,14679391,0,0.0,0.0305482,False
TikTok,STATEMENT_CATEGORY_NEGATIVE_EFFECTS_ON_CIVIC_DISCOURSE_OR_ELECTIONS,MONETARY_SUSPENSION,14679391,0,0.0,0.0305482,False
TikTok,STATEMENT_CATEGORY_OTHER_VIOLATION_TC,VISIBILITY_OTHER,359970117,231325654,0.6426246,0.74910724,False
TikTok,STATEMENT_CATEGORY_OTHER_VIOLATION_TC,CONTENT_REMOVED,359970117,119426847,0.33176878,0.74910724,False
TikTok,STATEMENT_CATEGORY_OTHER_VIOLATION_TC,PROVISION_PARTIAL_SUSPENSION,359970117,5079862,0.0141119,0.74910724,False
TikTok,STATEMENT_CATEGORY_OTHER_VIOLATION_TC,ACCOUNT_TERMINATED,359970117,2179568,0.00605486,0.74910724,False
TikTok,STATEMENT_CATEGORY_OTHER_VIOLATION_TC,CONTENT_AGE_RESTRICTED,359970117,1816998,0.00504764,0.74910724,False
TikTok,STATEMENT_CATEGORY_OTHER_VIOLATION_TC,CONTENT_DISABLED,359970117,328313,0.00091206,0.74910724,False
TikTok,STATEMENT_CATEGORY_OTHER_VIOLATION_TC,CONTENT_DEMOTED,359970117,15369,4.27e-05,0.74910724,False
TikTok,STATEMENT_CATEGORY_OTHER_VIOLATION_TC,ACCOUNT_SUSPENDED,359970117,86,2.4e-07,0.74910724,False
TikTok,STATEMENT_CATEGORY_OTHER_VIOLATION_TC,CONTENT_INTERACTION_RESTRICTED,359970117,0,0.0,0.74910724,False
TikTok,STATEMENT_CATEGORY_OTHER_VIOLATION_TC,CONTENT_LABELLED,359970117,0,0.0,0.74910724,False
TikTok,STATEMENT_CATEGORY_OTHER_VIOLATION_TC,PROVISION_PARTIAL_TERMINATION,359970117,0,0.0,0.74910724,False
TikTok,STATEMENT_CATEGORY_OTHER_VIOLATION_TC,PROVISION_TOTAL_SUSPENSION,359970117,0,0.0,0.74910724,False
TikTok,STATEMENT_CATEGORY_OTHER_VIOLATION_TC,PROVISION_TOTAL_TERMINATION,359970117,0,0.0,0.74910724,False
TikTok,STATEMENT_CATEGORY_OTHER_VIOLATION_TC,MONETARY_TERMINATION,359970117,0,0.0,0.74910724,False
TikTok,STATEMENT_CATEGORY_OTHER_VIOLATION_TC,MONETARY_SUSPENSION,359970117,0,0.0,0.74910724,False
TikTok,STATEMENT_CATEGORY_PORNOGRAPHY_OR_SEXUALIZED_CONTENT,PROVISION_PARTIAL_SUSPENSION,137,72,0.52554745,2.9e-07,True
TikTok,STATEMENT_CATEGORY_PORNOGRAPHY_OR_SEXUALIZED_CONTENT,CONTENT_REMOVED,137,59,0.43065693,2.9e-07,True
TikTok,STATEMENT_CATEGORY_PORNOGRAPHY_OR_SEXUALIZED_CONTENT,VISIBILITY_OTHER,137,6,0.04379562,2.9e-07,True
TikTok,STATEMENT_CATEGORY_PORNOGRAPHY_OR_SEXUALIZED_CONTENT,CONTENT_DISABLED,137,0,0.0,2.9e-07,True
TikTok,STATEMENT_CATEGORY_PORNOGRAPHY_OR_SEXUALIZED_CONTENT,CONTENT_AGE_RESTRICTED,137,0,0.0,2.9e-07,True
TikTok,STATEMENT_CATEGORY_PORNOGRAPHY_OR_SEXUALIZED_CONTENT,CONTENT_DEMOTED,137,0,0.0,2.9e-07,True
TikTok,STATEMENT_CATEGORY_PORNOGRAPHY_OR_SEXUALIZED_CONTENT,CONTENT_INTERACTION_RESTRICTED,137,0,0.0,2.9e-07,True
TikTok,STATEMENT_CATEGORY_PORNOGRAPHY_OR_SEXUALIZED_CONTENT,CONTENT_LABELLED,137,0,0.0,2.9e-07,True
TikTok,STATEMENT_CATEGORY_PORNOGRAPHY_OR_SEXUALIZED_CONTENT,ACCOUNT_TERMINATED,137,0,0.0,2.9e-07,True
TikTok,STATEMENT_CATEGORY_PORNOGRAPHY_OR_SEXUALIZED_CONTENT,ACCOUNT_SUSPENDED,137,0,0.0,2.9e-07,True
TikTok,STATEMENT_CATEGORY_PORNOGRAPHY_OR_SEXUALIZED_CONTENT,PROVISION_PARTIAL_TERMINATION,137,0,0.0,2.9e-07,True
TikTok,STATEMENT_CATEGORY_PORNOGRAPHY_OR_SEXUALIZED_CONTENT,PROVISION_TOTAL_SUSPENSION,137,0,0.0,2.9e-07,True
TikTok,STATEMENT_CATEGORY_PORNOGRAPHY_OR_SEXUALIZED_CONTENT,PROVISION_TOTAL_TERMINATION,137,0,0.0,2.9e-07,True
TikTok,STATEMENT_CATEGORY_PORNOGRAPHY_OR_SEXUALIZED_CONTENT,MONETARY_TERMINATION,137,0,0.0,2.9e-07,True
TikTok,STATEMENT_CATEGORY_PORNOGRAPHY_OR_SEXUALIZED_CONTENT,MONETARY_SUSPENSION,137,0,0.0,2.9e-07,True
TikTok,STATEMENT_CATEGORY_PROTECTION_OF_MINORS,CONTENT_REMOVED,6667794,3226117,0.48383573,0.01387585,False
TikTok,STATEMENT_CATEGORY_PROTECTION_OF_MINORS,VISIBILITY_OTHER,6667794,2134565,0.32013062,0.01387585,False
TikTok,STATEMENT_CATEGORY_PROTECTION_OF_MINORS,CONTENT_AGE_RESTRICTED,6667794,749535,0.11241124,0.01387585,False
TikTok,STATEMENT_CATEGORY_PROTECTION_OF_MINORS,ACCOUNT_TERMINATED,6667794,494282,0.07412976,0.01387585,False
TikTok,STATEMENT_CATEGORY_PROTECTION_OF_MINORS,CONTENT_DISABLED,6667794,50344,0.00755032,0.01387585,False
TikTok,STATEMENT_CATEGORY_PROTECTION_OF_MINORS,PROVISION_PARTIAL_SUSPENSION,6667794,15001,0.00224977,0.01387585,False
TikTok,STATEMENT_CATEGORY_PROTECTION_OF_MINORS,CONTENT_DEMOTED,6667794,99,1.485e-05,0.01387585,False
TikTok,STATEMENT_CATEGORY_PROTECTION_OF_MINORS,CONTENT_INTERACTION_RESTRICTED,6667794,0,0.0,0.01387585,False
TikTok,STATEMENT_CATEGORY_PROTECTION_OF_MINORS,CONTENT_LABELLED,6667794,0,0.0,0.01387585,False
TikTok,STATEMENT_CATEGORY_PROTECTION_OF_MINORS,ACCOUNT_SUSPENDED,6667794,0,0.0,0.01387585,False
TikTok,STATEMENT_CATEGORY_PROTECTION_OF_MINORS,PROVISION_PARTIAL_TERMINATION,6667794,0,0.0,0.01387585,False
TikTok,STATEMENT_CATEGORY_PROTECTION_OF_MINORS,PROVISION_TOTAL_SUSPENSION,6667794,0,0.0,0.01387585,False
TikTok,STATEMENT_CATEGORY_PROTECTION_OF_MINORS,PROVISION_TOTAL_TERMINATION,6667794,0,0.0,0.01387585,False
TikTok,STATEMENT_CATEGORY_PROTECTION_OF_MINORS,MONETARY_TERMINATION,6667794,0,0.0,0.01387585,False
TikTok,STATEMENT_CATEGORY_PROTECTION_OF_MINORS,MONETARY_SUSPENSION,6667794,0,0.0,0.01387585,False
TikTok,STATEMENT_CATEGORY_RISK_FOR_PUBLIC_SECURITY,CONTENT_DISABLED,2532,2305,0.91034755,5.27e-06,True
TikTok,STATEMENT_CATEGORY_RISK_FOR_PUBLIC_SECURITY,CONTENT_REMOVED,2532,217,0.085703,5.27e-06,True
TikTok,STATEMENT_CATEGORY_RISK_FOR_PUBLIC_SECURITY,VISIBILITY_OTHER,2532,10,0.00394945,5.27e-06,True
TikTok,STATEMENT_CATEGORY_RISK_FOR_PUBLIC_SECURITY,CONTENT_AGE_RESTRICTED,2532,0,0.0,5.27e-06,True
TikTok,STATEMENT_CATEGORY_RISK_FOR_PUBLIC_SECURITY,CONTENT_DEMOTED,2532,0,0.0,5.27e-06,True
TikTok,STATEMENT_CATEGORY_RISK_FOR_PUBLIC_SECURITY,CONTENT_INTERACTION_RESTRICTED,2532,0,0.0,5.27e-06,True
TikTok,STATEMENT_CATEGORY_RISK_FOR_PUBLIC_SECURITY,CONTENT_LABELLED,2532,0,0.0,5.27e-06,True
TikTok,STATEMENT_CATEGORY_RISK_FOR_PUBLIC_SECURITY,ACCOUNT_TERMINATED,2532,0,0.0,5.27e-06,True
TikTok,STATEMENT_CATEGORY_RISK_FOR_PUBLIC_SECURITY,ACCOUNT_SUSPENDED,2532,0,0.0,5.27e-06,True
TikTok,STATEMENT_CATEGORY_RISK_FOR_PUBLIC_SECURITY,PROVISION_PARTIAL_SUSPENSION,2532,0,0.0,5.27e-06,True
TikTok,STATEMENT_CATEGORY_RISK_FOR_PUBLIC_SECURITY,PROVISION_PARTIAL_TERMINATION,2532,0,0.0,5.27e-06,True
TikTok,STATEMENT_CATEGORY_RISK_FOR_PUBLIC_SECURITY,PROVISION_TOTAL_SUSPENSION,2532,0,0.0,5.27e-06,True
TikTok,STATEMENT_CATEGORY_RISK_FOR_PUBLIC_SECURITY,PROVISION_TOTAL_TERMINATION,2532,0,0.0,5.27e-06,True
TikTok,STATEMENT_CATEGORY_RISK_FOR_PUBLIC_SECURITY,MONETARY_TERMINATION,2532,0,0.0,5.27e-06,True
TikTok,STATEMENT_CATEGORY_RISK_FOR_PUBLIC_SECURITY,MONETARY_SUSPENSION,2532,0,0.0,5.27e-06,True
TikTok,STATEMENT_CATEGORY_SCAMS_AND_FRAUD,CONTENT_REMOVED,10121069,7327702,0.72400475,0.02106221,False
TikTok,STATEMENT_CATEGORY_SCAMS_AND_FRAUD,VISIBILITY_OTHER,10121069,1929818,0.19067334,0.02106221,False
TikTok,STATEMENT_CATEGORY_SCAMS_AND_FRAUD,ACCOUNT_TERMINATED,10121069,720128,0.07115138,0.02106221,False
TikTok,STATEMENT_CATEGORY_SCAMS_AND_FRAUD,PROVISION_PARTIAL_SUSPENSION,10121069,141586,0.01398923,0.02106221,False
TikTok,STATEMENT_CATEGORY_SCAMS_AND_FRAUD,CONTENT_AGE_RESTRICTED,10121069,9277,0.0009166,0.02106221,False
TikTok,STATEMENT_CATEGORY_SCAMS_AND_FRAUD,CONTENT_DISABLED,10121069,1197,0.00011827,0.02106221,False
TikTok,STATEMENT_CATEGORY_SCAMS_AND_FRAUD,CONTENT_DEMOTED,10121069,42,4.15e-06,0.02106221,False
TikTok,STATEMENT_CATEGORY_SCAMS_AND_FRAUD,CONTENT_INTERACTION_RESTRICTED,10121069,0,0.0,0.02106221,False
TikTok,STATEMENT_CATEGORY_SCAMS_AND_FRAUD,CONTENT_LABELLED,10121069,0,0.0,0.02106221,False
TikTok,STATEMENT_CATEGORY_SCAMS_AND_FRAUD,ACCOUNT_SUSPENDED,10121069,0,0.0,0.02106221,False
TikTok,STATEMENT_CATEGORY_SCAMS_AND_FRAUD,PROVISION_PARTIAL_TERMINATION,10121069,0,0.0,0.02106221,False
TikTok,STATEMENT_CATEGORY_SCAMS_AND_FRAUD,PROVISION_TOTAL_SUSPENSION,10121069,0,0.0,0.02106221,False
TikTok,STATEMENT_CATEGORY_SCAMS_AND_FRAUD,PROVISION_TOTAL_TERMINATION,10121069,0,0.0,0.02106221,False
TikTok,STATEMENT_CATEGORY_SCAMS_AND_FRAUD,MONETARY_TERMINATION,10121069,0,0.0,0.02106221,False
TikTok,STATEMENT_CATEGORY_SCAMS_AND_FRAUD,MONETARY_SUSPENSION,10121069,0,0.0,0.02106221,False
TikTok,STATEMENT_CATEGORY_SCOPE_OF_PLATFORM_SERVICE,VISIBILITY_OTHER,555,238,0.42882883,1.15e-06,True
TikTok,STATEMENT_CATEGORY_SCOPE_OF_PLATFORM_SERVICE,CONTENT_REMOVED,555,146,0.26306306,1.15e-06,True
TikTok,STATEMENT_CATEGORY_SCOPE_OF_PLATFORM_SERVICE,ACCOUNT_TERMINATED,555,95,0.17117117,1.15e-06,True
TikTok,STATEMENT_CATEGORY_SCOPE_OF_PLATFORM_SERVICE,PROVISION_PARTIAL_SUSPENSION,555,76,0.13693694,1.15e-06,True
TikTok,STATEMENT_CATEGORY_SCOPE_OF_PLATFORM_SERVICE,CONTENT_AGE_RESTRICTED,555,30,0.05405405,1.15e-06,True
TikTok,STATEMENT_CATEGORY_SCOPE_OF_PLATFORM_SERVICE,CONTENT_DEMOTED,555,6,0.01081081,1.15e-06,True
TikTok,STATEMENT_CATEGORY_SCOPE_OF_PLATFORM_SERVICE,CONTENT_DISABLED,555,0,0.0,1.15e-06,True
TikTok,STATEMENT_CATEGORY_SCOPE_OF_PLATFORM_SERVICE,CONTENT_INTERACTION_RESTRICTED,555,0,0.0,1.15e-06,True
TikTok,STATEMENT_CATEGORY_SCOPE_OF_PLATFORM_SERVICE,CONTENT_LABELLED,555,0,0.0,1.15e-06,True
TikTok,STATEMENT_CATEGORY_SCOPE_OF_PLATFORM_SERVICE,ACCOUNT_SUSPENDED,555,0,0.0,1.15e-06,True
TikTok,STATEMENT_CATEGORY_SCOPE_OF_PLATFORM_SERVICE,PROVISION_PARTIAL_TERMINATION,555,0,0.0,1.15e-06,True
TikTok,STATEMENT_CATEGORY_SCOPE_OF_PLATFORM_SERVICE,PROVISION_TOTAL_SUSPENSION,555,0,0.0,1.15e-06,True
TikTok,STATEMENT_CATEGORY_SCOPE_OF_PLATFORM_SERVICE,PROVISION_TOTAL_TERMINATION,555,0,0.0,1.15e-06,True
TikTok,STATEMENT_CATEGORY_SCOPE_OF_PLATFORM_SERVICE,MONETARY_TERMINATION,555,0,0.0,1.15e-06,True
TikTok,STATEMENT_CATEGORY_SCOPE_OF_PLATFORM_SERVICE,MONETARY_SUSPENSION,555,0,0.0,1.15e-06,True
TikTok,STATEMENT_CATEGORY_SELF_HARM,CONTENT_REMOVED,894159,669710,0.74898312,0.00186077,False
TikTok,STATEMENT_CATEGORY_SELF_HARM,VISIBILITY_OTHER,894159,176100,0.19694484,0.00186077,False
TikTok,STATEMENT_CATEGORY_SELF_HARM,CONTENT_AGE_RESTRICTED,894159,48258,0.05397027,0.00186077,False
TikTok,STATEMENT_CATEGORY_SELF_HARM,CONTENT_DISABLED,894159,73,8.164e-05,0.00186077,False
TikTok,STATEMENT_CATEGORY_SELF_HARM,ACCOUNT_TERMINATED,894159,18,2.013e-05,0.00186077,False
TikTok,STATEMENT_CATEGORY_SELF_HARM,CONTENT_DEMOTED,894159,2,2.24e-06,0.00186077,False
TikTok,STATEMENT_CATEGORY_SELF_HARM,CONTENT_INTERACTION_RESTRICTED,894159,0,0.0,0.00186077,False
TikTok,STATEMENT_CATEGORY_SELF_HARM,CONTENT_LABELLED,894159,0,0.0,0.00186077,False
TikTok,STATEMENT_CATEGORY_SELF_HARM,ACCOUNT_SUSPENDED,894159,0,0.0,0.00186077,False
TikTok,STATEMENT_CATEGORY_SELF_HARM,PROVISION_PARTIAL_SUSPENSION,894159,0,0.0,0.00186077,False
TikTok,STATEMENT_CATEGORY_SELF_HARM,PROVISION_PARTIAL_TERMINATION,894159,0,0.0,0.00186077,False
TikTok,STATEMENT_CATEGORY_SELF_HARM,PROVISION_TOTAL_SUSPENSION,894159,0,0.0,0.00186077,False
TikTok,STATEMENT_CATEGORY_SELF_HARM,PROVISION_TOTAL_TERMINATION,894159,0,0.0,0.00186077,False
TikTok,STATEMENT_CATEGORY_SELF_HARM,MONETARY_TERMINATION,894159,0,0.0,0.00186077,False
TikTok,STATEMENT_CATEGORY_SELF_HARM,MONETARY_SUSPENSION,894159,0,0.0,0.00186077,False
TikTok,STATEMENT_CATEGORY_UNSAFE_AND_PROHIBITED_PRODUCTS,CONTENT_DISABLED,5153,3931,0.76285659,1.072e-05,True
TikTok,STATEMENT_CATEGORY_UNSAFE_AND_PROHIBITED_PRODUCTS,CONTENT_REMOVED,5153,948,0.1839705,1.072e-05,True
TikTok,STATEMENT_CATEGORY_UNSAFE_AND_PROHIBITED_PRODUCTS,VISIBILITY_OTHER,5153,275,0.05336697,1.072e-05,True
TikTok,STATEMENT_CATEGORY_UNSAFE_AND_PROHIBITED_PRODUCTS,CONTENT_AGE_RESTRICTED,5153,0,0.0,1.072e-05,True
TikTok,STATEMENT_CATEGORY_UNSAFE_AND_PROHIBITED_PRODUCTS,CONTENT_DEMOTED,5153,0,0.0,1.072e-05,True
TikTok,STATEMENT_CATEGORY_UNSAFE_AND_PROHIBITED_PRODUCTS,CONTENT_INTERACTION_RESTRICTED,5153,0,0.0,1.072e-05,True
TikTok,STATEMENT_CATEGORY_UNSAFE_AND_PROHIBITED_PRODUCTS,CONTENT_LABELLED,5153,0,0.0,1.072e-05,True
TikTok,STATEMENT_CATEGORY_UNSAFE_AND_PROHIBITED_PRODUCTS,ACCOUNT_TERMINATED,5153,0,0.0,1.072e-05,True
TikTok,STATEMENT_CATEGORY_UNSAFE_AND_PROHIBITED_PRODUCTS,ACCOUNT_SUSPENDED,5153,0,0.0,1.072e-05,True
TikTok,STATEMENT_CATEGORY_UNSAFE_AND_PROHIBITED_PRODUCTS,PROVISION_PARTIAL_SUSPENSION,5153,0,0.0,1.072e-05,True
TikTok,STATEMENT_CATEGORY_UNSAFE_AND_PROHIBITED_PRODUCTS,PROVISION_PARTIAL_TERMINATION,5153,0,0.0,1.072e-05,True
TikTok,STATEMENT_CATEGORY_UNSAFE_AND_PROHIBITED_PRODUCTS,PROVISION_TOTAL_SUSPENSION,5153,0,0.0,1.072e-05,True
TikTok,STATEMENT_CATEGORY_UNSAFE_AND_PROHIBITED_PRODUCTS,PROVISION_TOTAL_TERMINATION,5153,0,0.0,1.072e-05,True
TikTok,STATEMENT_CATEGORY_UNSAFE_AND_PROHIBITED_PRODUCTS,MONETARY_TERMINATION,5153,0,0.0,1.072e-05,True
TikTok,STATEMENT_CATEGORY_UNSAFE_AND_PROHIBITED_PRODUCTS,MONETARY_SUSPENSION,5153,0,0.0,1.072e-05,True
TikTok,STATEMENT_CATEGORY_VIOLENCE,CONTENT_REMOVED,11611606,9427718,0.81192197,0.02416406,False
TikTok,STATEMENT_CATEGORY_VIOLENCE,VISIBILITY_OTHER,11611606,2072133,0.17845361,0.02416406,False
TikTok,STATEMENT_CATEGORY_VIOLENCE,CONTENT_AGE_RESTRICTED,11611606,116809,0.01005968,0.02416406,False
TikTok,STATEMENT_CATEGORY_VIOLENCE,PROVISION_PARTIAL_SUSPENSION,11611606,4738,0.00040804,0.02416406,False
TikTok,STATEMENT_CATEGORY_VIOLENCE,CONTENT_DISABLED,11611606,661,5.693e-05,0.02416406,False
TikTok,STATEMENT_CATEGORY_VIOLENCE,CONTENT_DEMOTED,11611606,551,4.745e-05,0.02416406,False
TikTok,STATEMENT_CATEGORY_VIOLENCE,ACCOUNT_TERMINATED,11611606,41,3.53e-06,0.02416406,False
TikTok,STATEMENT_CATEGORY_VIOLENCE,CONTENT_INTERACTION_RESTRICTED,11611606,0,0.0,0.02416406,False
TikTok,STATEMENT_CATEGORY_VIOLENCE,CONTENT_LABELLED,11611606,0,0.0,0.02416406,False
TikTok,STATEMENT_CATEGORY_VIOLENCE,ACCOUNT_SUSPENDED,11611606,0,0.0,0.02416406,False
TikTok,STATEMENT_CATEGORY_VIOLENCE,PROVISION_PARTIAL_TERMINATION,11611606,0,0.0,0.02416406,False
TikTok,STATEMENT_CATEGORY_VIOLENCE,PROVISION_TOTAL_SUSPENSION,11611606,0,0.0,0.02416406,False
TikTok,STATEMENT_CATEGORY_VIOLENCE,PROVISION_TOTAL_TERMINATION,11611606,0,0.0,0.02416406,False
TikTok,STATEMENT_CATEGORY_VIOLENCE,MONETARY_TERMINATION,11611606,0,0.0,0.02416406,False
TikTok,STATEMENT_CATEGORY_VIOLENCE,MONETARY_SUSPENSION,11611606,0,0.0,0.02416406,False
YouTube,STATEMENT_CATEGORY_ANIMAL_WELFARE,CONTENT_REMOVED,275,275,1.0,3.11e-06,True
YouTube,STATEMENT_CATEGORY_ANIMAL_WELFARE,VISIBILITY_OTHER,275,0,0.0,3.11e-06,True
YouTube,STATEMENT_CATEGORY_ANIMAL_WELFARE,CONTENT_DISABLED,275,0,0.0,3.11e-06,True
YouTube,STATEMENT_CATEGORY_ANIMAL_WELFARE,CONTENT_AGE_RESTRICTED,275,0,0.0,3.11e-06,True
YouTube,STATEMENT_CATEGORY_ANIMAL_WELFARE,CONTENT_DEMOTED,275,0,0.0,3.11e-06,True
YouTube,STATEMENT_CATEGORY_ANIMAL_WELFARE,CONTENT_INTERACTION_RESTRICTED,275,0,0.0,3.11e-06,True
YouTube,STATEMENT_CATEGORY_ANIMAL_WELFARE,CONTENT_LABELLED,275,0,0.0,3.11e-06,True
YouTube,STATEMENT_CATEGORY_ANIMAL_WELFARE,ACCOUNT_TERMINATED,275,0,0.0,3.11e-06,True
YouTube,STATEMENT_CATEGORY_ANIMAL_WELFARE,ACCOUNT_SUSPENDED,275,0,0.0,3.11e-06,True
YouTube,STATEMENT_CATEGORY_ANIMAL_WELFARE,PROVISION_PARTIAL_SUSPENSION,275,0,0.0,3.11e-06,True
YouTube,STATEMENT_CATEGORY_ANIMAL_WELFARE,PROVISION_PARTIAL_TERMINATION,275,0,0.0,3.11e-06,True
YouTube,STATEMENT_CATEGORY_ANIMAL_WELFARE,PROVISION_TOTAL_SUSPENSION,275,0,0.0,3.11e-06,True
YouTube,STATEMENT_CATEGORY_ANIMAL_WELFARE,PROVISION_TOTAL_TERMINATION,275,0,0.0,3.11e-06,True
YouTube,STATEMENT_CATEGORY_ANIMAL_WELFARE,MONETARY_TERMINATION,275,0,0.0,3.11e-06,True
YouTube,STATEMENT_CATEGORY_ANIMAL_WELFARE,MONETARY_SUSPENSION,275,0,0.0,3.11e-06,True
YouTube,STATEMENT_CATEGORY_CONSUMER_INFORMATION,CONTENT_REMOVED,6853913,6794998,0.99140418,0.07755352,False
YouTube,STATEMENT_CATEGORY_CONSUMER_INFORMATION,PROVISION_PARTIAL_TERMINATION,6853913,53587,0.00781845,0.07755352,False
YouTube,STATEMENT_CATEGORY_CONSUMER_INFORMATION,CONTENT_DISABLED,6853913,5328,0.00077737,0.07755352,False
YouTube,STATEMENT_CATEGORY_CONSUMER_INFORMATION,VISIBILITY_OTHER,6853913,0,0.0,0.07755352,False
YouTube,STATEMENT_CATEGORY_CONSUMER_INFORMATION,CONTENT_AGE_RESTRICTED,6853913,0,0.0,0.07755352,False
YouTube,STATEMENT_CATEGORY_CONSUMER_INFORMATION,CONTENT_DEMOTED,6853913,0,0.0,0.07755352,False
YouTube,STATEMENT_CATEGORY_CONSUMER_INFORMATION,CONTENT_INTERACTION_RESTRICTED,6853913,0,0.0,0.07755352,False
YouTube,STATEMENT_CATEGORY_CONSUMER_INFORMATION,CONTENT_LABELLED,6853913,0,0.0,0.07755352,False
YouTube,STATEMENT_CATEGORY_CONSUMER_INFORMATION,ACCOUNT_TERMINATED,6853913,0,0.0,0.07755352,False
YouTube,STATEMENT_CATEGORY_CONSUMER_INFORMATION,ACCOUNT_SUSPENDED,6853913,0,0.0,0.07755352,False
YouTube,STATEMENT_CATEGORY_CONSUMER_INFORMATION,PROVISION_PARTIAL_SUSPENSION,6853913,0,0.0,0.07755352,False
YouTube,STATEMENT_CATEGORY_CONSUMER_INFORMATION,PROVISION_TOTAL_SUSPENSION,6853913,0,0.0,0.07755352,False
YouTube,STATEMENT_CATEGORY_CONSUMER_INFORMATION,PROVISION_TOTAL_TERMINATION,6853913,0,0.0,0.07755352,False
YouTube,STATEMENT_CATEGORY_CONSUMER_INFORMATION,MONETARY_TERMINATION,6853913,0,0.0,0.07755352,False
YouTube,STATEMENT_CATEGORY_CONSUMER_INFORMATION,MONETARY_SUSPENSION,6853913,0,0.0,0.07755352,False
YouTube,STATEMENT_CATEGORY_CYBER_VIOLENCE,CONTENT_REMOVED,747,378,0.5060241,8.45e-06,True
YouTube,STATEMENT_CATEGORY_CYBER_VIOLENCE,CONTENT_DISABLED,747,369,0.4939759,8.45e-06,True
YouTube,STATEMENT_CATEGORY_CYBER_VIOLENCE,PROVISION_TOTAL_TERMINATION,747,21,0.02811245,8.45e-06,True
YouTube,STATEMENT_CATEGORY_CYBER_VIOLENCE,VISIBILITY_OTHER,747,0,0.0,8.45e-06,True
YouTube,STATEMENT_CATEGORY_CYBER_VIOLENCE,CONTENT_AGE_RESTRICTED,747,0,0.0,8.45e-06,True
YouTube,STATEMENT_CATEGORY_CYBER_VIOLENCE,CONTENT_DEMOTED,747,0,0.0,8.45e-06,True
YouTube,STATEMENT_CATEGORY_CYBER_VIOLENCE,CONTENT_INTERACTION_RESTRICTED,747,0,0.0,8.45e-06,True
YouTube,STATEMENT_CATEGORY_CYBER_VIOLENCE,CONTENT_LABELLED,747,0,0.0,8.45e-06,True
YouTube,STATEMENT_CATEGORY_CYBER_VIOLENCE,ACCOUNT_TERMINATED,747,0,0.0,8.45e-06,True
YouTube,STATEMENT_CATEGORY_CYBER_VIOLENCE,ACCOUNT_SUSPENDED,747,0,0.0,8.45e-06,True
YouTube,STATEMENT_CATEGORY_CYBER_VIOLENCE,PROVISION_PARTIAL_SUSPENSION,747,0,0.0,8.45e-06,True
YouTube,STATEMENT_CATEGORY_CYBER_VIOLENCE,PROVISION_PARTIAL_TERMINATION,747,0,0.0,8.45e-06,True
YouTube,STATEMENT_CATEGORY_CYBER_VIOLENCE,PROVISION_TOTAL_SUSPENSION,747,0,0.0,8.45e-06,True
YouTube,STATEMENT_CATEGORY_CYBER_VIOLENCE,MONETARY_TERMINATION,747,0,0.0,8.45e-06,True
YouTube,STATEMENT_CATEGORY_CYBER_VIOLENCE,MONETARY_SUSPENSION,747,0,0.0,8.45e-06,True
YouTube,STATEMENT_CATEGORY_DATA_PROTECTION_AND_PRIVACY_VIOLATIONS,CONTENT_REMOVED,93724,87279,0.93123426,0.00106051,False
YouTube,STATEMENT_CATEGORY_DATA_PROTECTION_AND_PRIVACY_VIOLATIONS,CONTENT_DISABLED,93724,6445,0.06876574,0.00106051,False
YouTube,STATEMENT_CATEGORY_DATA_PROTECTION_AND_PRIVACY_VIOLATIONS,PROVISION_TOTAL_TERMINATION,93724,1501,0.01601511,0.00106051,False
YouTube,STATEMENT_CATEGORY_DATA_PROTECTION_AND_PRIVACY_VIOLATIONS,VISIBILITY_OTHER,93724,0,0.0,0.00106051,False
YouTube,STATEMENT_CATEGORY_DATA_PROTECTION_AND_PRIVACY_VIOLATIONS,CONTENT_AGE_RESTRICTED,93724,0,0.0,0.00106051,False
YouTube,STATEMENT_CATEGORY_DATA_PROTECTION_AND_PRIVACY_VIOLATIONS,CONTENT_DEMOTED,93724,0,0.0,0.00106051,False
YouTube,STATEMENT_CATEGORY_DATA_PROTECTION_AND_PRIVACY_VIOLATIONS,CONTENT_INTERACTION_RESTRICTED,93724,0,0.0,0.00106051,False
YouTube,STATEMENT_CATEGORY_DATA_PROTECTION_AND_PRIVACY_VIOLATIONS,CONTENT_LABELLED,93724,0,0.0,0.00106051,False
YouTube,STATEMENT_CATEGORY_DATA_PROTECTION_AND_PRIVACY_VIOLATIONS,ACCOUNT_TERMINATED,93724,0,0.0,0.00106051,False
YouTube,STATEMENT_CATEGORY_DATA_PROTECTION_AND_PRIVACY_VIOLATIONS,ACCOUNT_SUSPENDED,93724,0,0.0,0.00106051,False
YouTube,STATEMENT_CATEGORY_DATA_PROTECTION_AND_PRIVACY_VIOLATIONS,PROVISION_PARTIAL_SUSPENSION,93724,0,0.0,0.00106051,False
YouTube,STATEMENT_CATEGORY_DATA_PROTECTION_AND_PRIVACY_VIOLATIONS,PROVISION_PARTIAL_TERMINATION,93724,0,0.0,0.00106051,False
YouTube,STATEMENT_CATEGORY_DATA_PROTECTION_AND_PRIVACY_VIOLATIONS,PROVISION_TOTAL_SUSPENSION,93724,0,0.0,0.00106051,False
YouTube,STATEMENT_CATEGORY_DATA_PROTECTION_AND_PRIVACY_VIOLATIONS,MONETARY_TERMINATION,93724,0,0.0,0.00106051,False
YouTube,STATEMENT_CATEGORY_DATA_PROTECTION_AND_PRIVACY_VIOLATIONS,MONETARY_SUSPENSION,93724,0,0.0,0.00106051,False
YouTube,STATEMENT_CATEGORY_ILLEGAL_OR_HARMFUL_SPEECH,CONTENT_REMOVED,49113,48023,0.97780628,0.00055572,True
YouTube,STATEMENT_CATEGORY_ILLEGAL_OR_HARMFUL_SPEECH,PROVISION_TOTAL_TERMINATION,49113,7195,0.14649889,0.00055572,True
YouTube,STATEMENT_CATEGORY_ILLEGAL_OR_HARMFUL_SPEECH,CONTENT_DISABLED,49113,1090,0.02219372,0.00055572,True
YouTube,STATEMENT_CATEGORY_ILLEGAL_OR_HARMFUL_SPEECH,VISIBILITY_OTHER,49113,0,0.0,0.00055572,True
YouTube,STATEMENT_CATEGORY_ILLEGAL_OR_HARMFUL_SPEECH,CONTENT_AGE_RESTRICTED,49113,0,0.0,0.00055572,True
YouTube,STATEMENT_CATEGORY_ILLEGAL_OR_HARMFUL_SPEECH,CONTENT_DEMOTED,49113,0,0.0,0.00055572,True
YouTube,STATEMENT_CATEGORY_ILLEGAL_OR_HARMFUL_SPEECH,CONTENT_INTERACTION_RESTRICTED,49113,0,0.0,0.00055572,True
YouTube,STATEMENT_CATEGORY_ILLEGAL_OR_HARMFUL_SPEECH,CONTENT_LABELLED,49113,0,0.0,0.00055572,True
YouTube,STATEMENT_CATEGORY_ILLEGAL_OR_HARMFUL_SPEECH,ACCOUNT_TERMINATED,49113,0,0.0,0.00055572,True
YouTube,STATEMENT_CATEGORY_ILLEGAL_OR_HARMFUL_SPEECH,ACCOUNT_SUSPENDED,49113,0,0.0,0.00055572,True
YouTube,STATEMENT_CATEGORY_ILLEGAL_OR_HARMFUL_SPEECH,PROVISION_PARTIAL_SUSPENSION,49113,0,0.0,0.00055572,True
YouTube,STATEMENT_CATEGORY_ILLEGAL_OR_HARMFUL_SPEECH,PROVISION_PARTIAL_TERMINATION,49113,0,0.0,0.00055572,True
YouTube,STATEMENT_CATEGORY_ILLEGAL_OR_HARMFUL_SPEECH,PROVISION_TOTAL_SUSPENSION,49113,0,0.0,0.00055572,True
YouTube,STATEMENT_CATEGORY_ILLEGAL_OR_HARMFUL_SPEECH,MONETARY_TERMINATION,49113,0,0.0,0.00055572,True
YouTube,STATEMENT_CATEGORY_ILLEGAL_OR_HARMFUL_SPEECH,MONETARY_SUSPENSION,49113,0,0.0,0.00055572,True
YouTube,STATEMENT_CATEGORY_INTELLECTUAL_PROPERTY_INFRINGEMENTS,CONTENT_REMOVED,398842,359372,0.90103851,0.00451298,False
YouTube,STATEMENT_CATEGORY_INTELLECTUAL_PROPERTY_INFRINGEMENTS,CONTENT_DISABLED,398842,34196,0.08573821,0.00451298,False
YouTube,STATEMENT_CATEGORY_INTELLECTUAL_PROPERTY_INFRINGEMENTS,PROVISION_PARTIAL_TERMINATION,398842,5274,0.01322328,0.00451298,False
YouTube,STATEMENT_CATEGORY_INTELLECTUAL_PROPERTY_INFRINGEMENTS,VISIBILITY_OTHER,398842,0,0.0,0.00451298,False
YouTube,STATEMENT_CATEGORY_INTELLECTUAL_PROPERTY_INFRINGEMENTS,CONTENT_AGE_RESTRICTED,398842,0,0.0,0.00451298,False
YouTube,STATEMENT_CATEGORY_INTELLECTUAL_PROPERTY_INFRINGEMENTS,CONTENT_DEMOTED,398842,0,0.0,0.00451298,False
YouTube,STATEMENT_CATEGORY_INTELLECTUAL_PROPERTY_INFRINGEMENTS,CONTENT_INTERACTION_RESTRICTED,398842,0,0.0,0.00451298,False
YouTube,STATEMENT_CATEGORY_INTELLECTUAL_PROPERTY_INFRINGEMENTS,CONTENT_LABELLED,398842,0,0.0,0.00451298,False
YouTube,STATEMENT_CATEGORY_INTELLECTUAL_PROPERTY_INFRINGEMENTS,ACCOUNT_TERMINATED,398842,0,0.0,0.00451298,False
YouTube,STATEMENT_CATEGORY_INTELLECTUAL_PROPERTY_INFRINGEMENTS,ACCOUNT_SUSPENDED,398842,0,0.0,0.00451298,False
YouTube,STATEMENT_CATEGORY_INTELLECTUAL_PROPERTY_INFRINGEMENTS,PROVISION_PARTIAL_SUSPENSION,398842,0,0.0,0.00451298,False
YouTube,STATEMENT_CATEGORY_INTELLECTUAL_PROPERTY_INFRINGEMENTS,PROVISION_TOTAL_SUSPENSION,398842,0,0.0,0.00451298,False
YouTube,STATEMENT_CATEGORY_INTELLECTUAL_PROPERTY_INFRINGEMENTS,PROVISION_TOTAL_TERMINATION,398842,0,0.0,0.00451298,False
YouTube,STATEMENT_CATEGORY_INTELLECTUAL_PROPERTY_INFRINGEMENTS,MONETARY_TERMINATION,398842,0,0.0,0.00451298,False
YouTube,STATEMENT_CATEGORY_INTELLECTUAL_PROPERTY_INFRINGEMENTS,MONETARY_SUSPENSION,398842,0,0.0,0.00451298,False
YouTube,STATEMENT_CATEGORY_NEGATIVE_EFFECTS_ON_CIVIC_DISCOURSE_OR_ELECTIONS,CONTENT_DISABLED,1181064,1171980,0.99230863,0.013364,False
YouTube,STATEMENT_CATEGORY_NEGATIVE_EFFECTS_ON_CIVIC_DISCOURSE_OR_ELECTIONS,CONTENT_REMOVED,1181064,9084,0.00769137,0.013364,False
YouTube,STATEMENT_CATEGORY_NEGATIVE_EFFECTS_ON_CIVIC_DISCOURSE_OR_ELECTIONS,VISIBILITY_OTHER,1181064,0,0.0,0.013364,False
YouTube,STATEMENT_CATEGORY_NEGATIVE_EFFECTS_ON_CIVIC_DISCOURSE_OR_ELECTIONS,CONTENT_AGE_RESTRICTED,1181064,0,0.0,0.013364,False
YouTube,STATEMENT_CATEGORY_NEGATIVE_EFFECTS_ON_CIVIC_DISCOURSE_OR_ELECTIONS,CONTENT_DEMOTED,1181064,0,0.0,0.013364,False
YouTube,STATEMENT_CATEGORY_NEGATIVE_EFFECTS_ON_CIVIC_DISCOURSE_OR_ELECTIONS,CONTENT_INTERACTION_RESTRICTED,1181064,0,0.0,0.013364,False
YouTube,STATEMENT_CATEGORY_NEGATIVE_EFFECTS_ON_CIVIC_DISCOURSE_OR_ELECTIONS,CONTENT_LABELLED,1181064,0,0.0,0.013364,False
YouTube,STATEMENT_CATEGORY_NEGATIVE_EFFECTS_ON_CIVIC_DISCOURSE_OR_ELECTIONS,ACCOUNT_TERMINATED,1181064,0,0.0,0.013364,False
YouTube,STATEMENT_CATEGORY_NEGATIVE_EFFECTS_ON_CIVIC_DISCOURSE_OR_ELECTIONS,ACCOUNT_SUSPENDED,1181064,0,0.0,0.013364,False
YouTube,STATEMENT_CATEGORY_NEGATIVE_EFFECTS_ON_CIVIC_DISCOURSE_OR_ELECTIONS,PROVISION_PARTIAL_SUSPENSION,1181064,0,0.0,0.013364,False
YouTube,STATEMENT_CATEGORY_NEGATIVE_EFFECTS_ON_CIVIC_DISCOURSE_OR_ELECTIONS,PROVISION_PARTIAL_TERMINATION,1181064,0,0.0,0.013364,False
YouTube,STATEMENT_CATEGORY_NEGATIVE_EFFECTS_ON_CIVIC_DISCOURSE_OR_ELECTIONS,PROVISION_TOTAL_SUSPENSION,1181064,0,0.0,0.013364,False
YouTube,STATEMENT_CATEGORY_NEGATIVE_EFFECTS_ON_CIVIC_DISCOURSE_OR_ELECTIONS,PROVISION_TOTAL_TERMINATION,1181064,0,0.0,0.013364,False
YouTube,STATEMENT_CATEGORY_NEGATIVE_EFFECTS_ON_CIVIC_DISCOURSE_OR_ELECTIONS,MONETARY_TERMINATION,1181064,0,0.0,0.013364,False
YouTube,STATEMENT_CATEGORY_NEGATIVE_EFFECTS_ON_CIVIC_DISCOURSE_OR_ELECTIONS,MONETARY_SUSPENSION,1181064,0,0.0,0.013364,False
YouTube,STATEMENT_CATEGORY_OTHER_VIOLATION_TC,CONTENT_REMOVED,40807157,38606976,0.94608345,0.46174187,False
YouTube,STATEMENT_CATEGORY_OTHER_VIOLATION_TC,CONTENT_AGE_RESTRICTED,40807157,1493335,0.03659493,0.46174187,False
YouTube,STATEMENT_CATEGORY_OTHER_VIOLATION_TC,PROVISION_TOTAL_TERMINATION,40807157,374344,0.00917349,0.46174187,False
YouTube,STATEMENT_CATEGORY_OTHER_VIOLATION_TC,PROVISION_PARTIAL_TERMINATION,40807157,367164,0.00899754,0.46174187,False
YouTube,STATEMENT_CATEGORY_OTHER_VIOLATION_TC,CONTENT_DISABLED,40807157,339682,0.00832408,0.46174187,False
YouTube,STATEMENT_CATEGORY_OTHER_VIOLATION_TC,MONETARY_TERMINATION,40807157,339418,0.00831761,0.46174187,False
YouTube,STATEMENT_CATEGORY_OTHER_VIOLATION_TC,VISIBILITY_OTHER,40807157,0,0.0,0.46174187,False
YouTube,STATEMENT_CATEGORY_OTHER_VIOLATION_TC,CONTENT_DEMOTED,40807157,0,0.0,0.46174187,False
YouTube,STATEMENT_CATEGORY_OTHER_VIOLATION_TC,CONTENT_INTERACTION_RESTRICTED,40807157,0,0.0,0.46174187,False
YouTube,STATEMENT_CATEGORY_OTHER_VIOLATION_TC,CONTENT_LABELLED,40807157,0,0.0,0.46174187,False
YouTube,STATEMENT_CATEGORY_OTHER_VIOLATION_TC,ACCOUNT_TERMINATED,40807157,0,0.0,0.46174187,False
YouTube,STATEMENT_CATEGORY_OTHER_VIOLATION_TC,ACCOUNT_SUSPENDED,40807157,0,0.0,0.46174187,False
YouTube,STATEMENT_CATEGORY_OTHER_VIOLATION_TC,PROVISION_PARTIAL_SUSPENSION,40807157,0,0.0,0.46174187,False
YouTube,STATEMENT_CATEGORY_OTHER_VIOLATION_TC,PROVISION_TOTAL_SUSPENSION,40807157,0,0.0,0.46174187,False
YouTube,STATEMENT_CATEGORY_OTHER_VIOLATION_TC,MONETARY_SUSPENSION,40807157,0,0.0,0.46174187,False
YouTube,STATEMENT_CATEGORY_PORNOGRAPHY_OR_SEXUALIZED_CONTENT,CONTENT_REMOVED,0,0,,0.0,True
YouTube,STATEMENT_CATEGORY_PORNOGRAPHY_OR_SEXUALIZED_CONTENT,VISIBILITY_OTHER,0,0,,0.0,True
YouTube,STATEMENT_CATEGORY_PORNOGRAPHY_OR_SEXUALIZED_CONTENT,CONTENT_DISABLED,0,0,,0.0,True
YouTube,STATEMENT_CATEGORY_PORNOGRAPHY_OR_SEXUALIZED_CONTENT,CONTENT_AGE_RESTRICTED,0,0,,0.0,True
YouTube,STATEMENT_CATEGORY_PORNOGRAPHY_OR_SEXUALIZED_CONTENT,CONTENT_DEMOTED,0,0,,0.0,True
YouTube,STATEMENT_CATEGORY_PORNOGRAPHY_OR_SEXUALIZED_CONTENT,CONTENT_INTERACTION_RESTRICTED,0,0,,0.0,True
YouTube,STATEMENT_CATEGORY_PORNOGRAPHY_OR_SEXUALIZED_CONTENT,CONTENT_LABELLED,0,0,,0.0,True
YouTube,STATEMENT_CATEGORY_PORNOGRAPHY_OR_SEXUALIZED_CONTENT,ACCOUNT_TERMINATED,0,0,,0.0,True
YouTube,STATEMENT_CATEGORY_PORNOGRAPHY_OR_SEXUALIZED_CONTENT,ACCOUNT_SUSPENDED,0,0,,0.0,True
YouTube,STATEMENT_CATEGORY_PORNOGRAPHY_OR_SEXUALIZED_CONTENT,PROVISION_PARTIAL_SUSPENSION,0,0,,0.0,True
YouTube,STATEMENT_CATEGORY_PORNOGRAPHY_OR_SEXUALIZED_CONTENT,PROVISION_PARTIAL_TERMINATION,0,0,,0.0,True
YouTube,STATEMENT_CATEGORY_PORNOGRAPHY_OR_SEXUALIZED_CONTENT,PROVISION_TOTAL_SUSPENSION,0,0,,0.0,True
YouTube,STATEMENT_CATEGORY_PORNOGRAPHY_OR_SEXUALIZED_CONTENT,PROVISION_TOTAL_TERMINATION,0,0,,0.0,True
YouTube,STATEMENT_CATEGORY_PORNOGRAPHY_OR_SEXUALIZED_CONTENT,MONETARY_TERMINATION,0,0,,0.0,True
YouTube,STATEMENT_CATEGORY_PORNOGRAPHY_OR_SEXUALIZED_CONTENT,MONETARY_SUSPENSION,0,0,,0.0,True
YouTube,STATEMENT_CATEGORY_PROTECTION_OF_MINORS,CONTENT_REMOVED,892667,866537,0.97072817,0.01010072,False
YouTube,STATEMENT_CATEGORY_PROTECTION_OF_MINORS,CONTENT_DISABLED,892667,19690,0.0220575,0.01010072,False
YouTube,STATEMENT_CATEGORY_PROTECTION_OF_MINORS,CONTENT_AGE_RESTRICTED,892667,6440,0.00721434,0.01010072,False
YouTube,STATEMENT_CATEGORY_PROTECTION_OF_MINORS,PROVISION_TOTAL_TERMINATION,892667,4,4.48e-06,0.01010072,False
YouTube,STATEMENT_CATEGORY_PROTECTION_OF_MINORS,VISIBILITY_OTHER,892667,0,0.0,0.01010072,False
YouTube,STATEMENT_CATEGORY_PROTECTION_OF_MINORS,CONTENT_DEMOTED,892667,0,0.0,0.01010072,False
YouTube,STATEMENT_CATEGORY_PROTECTION_OF_MINORS,CONTENT_INTERACTION_RESTRICTED,892667,0,0.0,0.01010072,False
YouTube,STATEMENT_CATEGORY_PROTECTION_OF_MINORS,CONTENT_LABELLED,892667,0,0.0,0.01010072,False
YouTube,STATEMENT_CATEGORY_PROTECTION_OF_MINORS,ACCOUNT_TERMINATED,892667,0,0.0,0.01010072,False
YouTube,STATEMENT_CATEGORY_PROTECTION_OF_MINORS,ACCOUNT_SUSPENDED,892667,0,0.0,0.01010072,False
YouTube,STATEMENT_CATEGORY_PROTECTION_OF_MINORS,PROVISION_PARTIAL_SUSPENSION,892667,0,0.0,0.01010072,False
YouTube,STATEMENT_CATEGORY_PROTECTION_OF_MINORS,PROVISION_PARTIAL_TERMINATION,892667,0,0.0,0.01010072,False
YouTube,STATEMENT_CATEGORY_PROTECTION_OF_MINORS,PROVISION_TOTAL_SUSPENSION,892667,0,0.0,0.01010072,False
YouTube,STATEMENT_CATEGORY_PROTECTION_OF_MINORS,MONETARY_TERMINATION,892667,0,0.0,0.01010072,False
YouTube,STATEMENT_CATEGORY_PROTECTION_OF_MINORS,MONETARY_SUSPENSION,892667,0,0.0,0.01010072,False
YouTube,STATEMENT_CATEGORY_RISK_FOR_PUBLIC_SECURITY,CONTENT_REMOVED,2295,2152,0.93769063,2.597e-05,True
YouTube,STATEMENT_CATEGORY_RISK_FOR_PUBLIC_SECURITY,PROVISION_TOTAL_TERMINATION,2295,1142,0.49760349,2.597e-05,True
YouTube,STATEMENT_CATEGORY_RISK_FOR_PUBLIC_SECURITY,CONTENT_DISABLED,2295,143,0.06230937,2.597e-05,True
YouTube,STATEMENT_CATEGORY_RISK_FOR_PUBLIC_SECURITY,VISIBILITY_OTHER,2295,0,0.0,2.597e-05,True
YouTube,STATEMENT_CATEGORY_RISK_FOR_PUBLIC_SECURITY,CONTENT_AGE_RESTRICTED,2295,0,0.0,2.597e-05,True
YouTube,STATEMENT_CATEGORY_RISK_FOR_PUBLIC_SECURITY,CONTENT_DEMOTED,2295,0,0.0,2.597e-05,True
YouTube,STATEMENT_CATEGORY_RISK_FOR_PUBLIC_SECURITY,CONTENT_INTERACTION_RESTRICTED,2295,0,0.0,2.597e-05,True
YouTube,STATEMENT_CATEGORY_RISK_FOR_PUBLIC_SECURITY,CONTENT_LABELLED,2295,0,0.0,2.597e-05,True
YouTube,STATEMENT_CATEGORY_RISK_FOR_PUBLIC_SECURITY,ACCOUNT_TERMINATED,2295,0,0.0,2.597e-05,True
YouTube,STATEMENT_CATEGORY_RISK_FOR_PUBLIC_SECURITY,ACCOUNT_SUSPENDED,2295,0,0.0,2.597e-05,True
YouTube,STATEMENT_CATEGORY_RISK_FOR_PUBLIC_SECURITY,PROVISION_PARTIAL_SUSPENSION,2295,0,0.0,2.597e-05,True
YouTube,STATEMENT_CATEGORY_RISK_FOR_PUBLIC_SECURITY,PROVISION_PARTIAL_TERMINATION,2295,0,0.0,2.597e-05,True
YouTube,STATEMENT_CATEGORY_RISK_FOR_PUBLIC_SECURITY,PROVISION_TOTAL_SUSPENSION,2295,0,0.0,2.597e-05,True
YouTube,STATEMENT_CATEGORY_RISK_FOR_PUBLIC_SECURITY,MONETARY_TERMINATION,2295,0,0.0,2.597e-05,True
YouTube,STATEMENT_CATEGORY_RISK_FOR_PUBLIC_SECURITY,MONETARY_SUSPENSION,2295,0,0.0,2.597e-05,True
YouTube,STATEMENT_CATEGORY_SCAMS_AND_FRAUD,CONTENT_REMOVED,32688662,32488383,0.99387314,0.36987933,False
YouTube,STATEMENT_CATEGORY_SCAMS_AND_FRAUD,PROVISION_PARTIAL_TERMINATION,32688662,200279,0.00612686,0.36987933,False
YouTube,STATEMENT_CATEGORY_SCAMS_AND_FRAUD,PROVISION_TOTAL_TERMINATION,32688662,21148,0.00064695,0.36987933,False
YouTube,STATEMENT_CATEGORY_SCAMS_AND_FRAUD,VISIBILITY_OTHER,32688662,0,0.0,0.36987933,False
YouTube,STATEMENT_CATEGORY_SCAMS_AND_FRAUD,CONTENT_DISABLED,32688662,0,0.0,0.36987933,False
YouTube,STATEMENT_CATEGORY_SCAMS_AND_FRAUD,CONTENT_AGE_RESTRICTED,32688662,0,0.0,0.36987933,False
YouTube,STATEMENT_CATEGORY_SCAMS_AND_FRAUD,CONTENT_DEMOTED,32688662,0,0.0,0.36987933,False
YouTube,STATEMENT_CATEGORY_SCAMS_AND_FRAUD,CONTENT_INTERACTION_RESTRICTED,32688662,0,0.0,0.36987933,False
YouTube,STATEMENT_CATEGORY_SCAMS_AND_FRAUD,CONTENT_LABELLED,32688662,0,0.0,0.36987933,False
YouTube,STATEMENT_CATEGORY_SCAMS_AND_FRAUD,ACCOUNT_TERMINATED,32688662,0,0.0,0.36987933,False
YouTube,STATEMENT_CATEGORY_SCAMS_AND_FRAUD,ACCOUNT_SUSPENDED,32688662,0,0.0,0.36987933,False
YouTube,STATEMENT_CATEGORY_SCAMS_AND_FRAUD,PROVISION_PARTIAL_SUSPENSION,32688662,0,0.0,0.36987933,False
YouTube,STATEMENT_CATEGORY_SCAMS_AND_FRAUD,PROVISION_TOTAL_SUSPENSION,32688662,0,0.0,0.36987933,False
YouTube,STATEMENT_CATEGORY_SCAMS_AND_FRAUD,MONETARY_TERMINATION,32688662,0,0.0,0.36987933,False
YouTube,STATEMENT_CATEGORY_SCAMS_AND_FRAUD,MONETARY_SUSPENSION,32688662,0,0.0,0.36987933,False
YouTube,STATEMENT_CATEGORY_SCOPE_OF_PLATFORM_SERVICE,CONTENT_REMOVED,0,0,,0.0,True
YouTube,STATEMENT_CATEGORY_SCOPE_OF_PLATFORM_SERVICE,VISIBILITY_OTHER,0,0,,0.0,True
YouTube,STATEMENT_CATEGORY_SCOPE_OF_PLATFORM_SERVICE,CONTENT_DISABLED,0,0,,0.0,True
YouTube,STATEMENT_CATEGORY_SCOPE_OF_PLATFORM_SERVICE,CONTENT_AGE_RESTRICTED,0,0,,0.0,True
YouTube,STATEMENT_CATEGORY_SCOPE_OF_PLATFORM_SERVICE,CONTENT_DEMOTED,0,0,,0.0,True
YouTube,STATEMENT_CATEGORY_SCOPE_OF_PLATFORM_SERVICE,CONTENT_INTERACTION_RESTRICTED,0,0,,0.0,True
YouTube,STATEMENT_CATEGORY_SCOPE_OF_PLATFORM_SERVICE,CONTENT_LABELLED,0,0,,0.0,True
YouTube,STATEMENT_CATEGORY_SCOPE_OF_PLATFORM_SERVICE,ACCOUNT_TERMINATED,0,0,,0.0,True
YouTube,STATEMENT_CATEGORY_SCOPE_OF_PLATFORM_SERVICE,ACCOUNT_SUSPENDED,0,0,,0.0,True
YouTube,STATEMENT_CATEGORY_SCOPE_OF_PLATFORM_SERVICE,PROVISION_PARTIAL_SUSPENSION,0,0,,0.0,True
YouTube,STATEMENT_CATEGORY_SCOPE_OF_PLATFORM_SERVICE,PROVISION_PARTIAL_TERMINATION,0,0,,0.0,True
YouTube,STATEMENT_CATEGORY_SCOPE_OF_PLATFORM_SERVICE,PROVISION_TOTAL_SUSPENSION,0,0,,0.0,True
YouTube,STATEMENT_CATEGORY_SCOPE_OF_PLATFORM_SERVICE,PROVISION_TOTAL_TERMINATION,0,0,,0.0,True
YouTube,STATEMENT_CATEGORY_SCOPE_OF_PLATFORM_SERVICE,MONETARY_TERMINATION,0,0,,0.0,True
YouTube,STATEMENT_CATEGORY_SCOPE_OF_PLATFORM_SERVICE,MONETARY_SUSPENSION,0,0,,0.0,True
YouTube,STATEMENT_CATEGORY_SELF_HARM,CONTENT_REMOVED,0,0,,0.0,True
YouTube,STATEMENT_CATEGORY_SELF_HARM,VISIBILITY_OTHER,0,0,,0.0,True
YouTube,STATEMENT_CATEGORY_SELF_HARM,CONTENT_DISABLED,0,0,,0.0,True
YouTube,STATEMENT_CATEGORY_SELF_HARM,CONTENT_AGE_RESTRICTED,0,0,,0.0,True
YouTube,STATEMENT_CATEGORY_SELF_HARM,CONTENT_DEMOTED,0,0,,0.0,True
YouTube,STATEMENT_CATEGORY_SELF_HARM,CONTENT_INTERACTION_RESTRICTED,0,0,,0.0,True
YouTube,STATEMENT_CATEGORY_SELF_HARM,CONTENT_LABELLED,0,0,,0.0,True
YouTube,STATEMENT_CATEGORY_SELF_HARM,ACCOUNT_TERMINATED,0,0,,0.0,True
YouTube,STATEMENT_CATEGORY_SELF_HARM,ACCOUNT_SUSPENDED,0,0,,0.0,True
YouTube,STATEMENT_CATEGORY_SELF_HARM,PROVISION_PARTIAL_SUSPENSION,0,0,,0.0,True
YouTube,STATEMENT_CATEGORY_SELF_HARM,PROVISION_PARTIAL_TERMINATION,0,0,,0.0,True
YouTube,STATEMENT_CATEGORY_SELF_HARM,PROVISION_TOTAL_SUSPENSION,0,0,,0.0,True
YouTube,STATEMENT_CATEGORY_SELF_HARM,PROVISION_TOTAL_TERMINATION,0,0,,0.0,True
YouTube,STATEMENT_CATEGORY_SELF_HARM,MONETARY_TERMINATION,0,0,,0.0,True
YouTube,STATEMENT_CATEGORY_SELF_HARM,MONETARY_SUSPENSION,0,0,,0.0,True
YouTube,STATEMENT_CATEGORY_UNSAFE_AND_PROHIBITED_PRODUCTS,CONTENT_DISABLED,5369201,4157971,0.7744115,0.06075368,False
YouTube,STATEMENT_CATEGORY_UNSAFE_AND_PROHIBITED_PRODUCTS,CONTENT_REMOVED,5369201,1181139,0.21998413,0.06075368,False
YouTube,STATEMENT_CATEGORY_UNSAFE_AND_PROHIBITED_PRODUCTS,PROVISION_TOTAL_TERMINATION,5369201,61417,0.01143876,0.06075368,False
YouTube,STATEMENT_CATEGORY_UNSAFE_AND_PROHIBITED_PRODUCTS,CONTENT_AGE_RESTRICTED,5369201,29919,0.00557234,0.06075368,False
YouTube,STATEMENT_CATEGORY_UNSAFE_AND_PROHIBITED_PRODUCTS,PROVISION_PARTIAL_TERMINATION,5369201,172,3.203e-05,0.06075368,False
YouTube,STATEMENT_CATEGORY_UNSAFE_AND_PROHIBITED_PRODUCTS,VISIBILITY_OTHER,5369201,0,0.0,0.06075368,False
YouTube,STATEMENT_CATEGORY_UNSAFE_AND_PROHIBITED_PRODUCTS,CONTENT_DEMOTED,5369201,0,0.0,0.06075368,False
YouTube,STATEMENT_CATEGORY_UNSAFE_AND_PROHIBITED_PRODUCTS,CONTENT_INTERACTION_RESTRICTED,5369201,0,0.0,0.06075368,False
YouTube,STATEMENT_CATEGORY_UNSAFE_AND_PROHIBITED_PRODUCTS,CONTENT_LABELLED,5369201,0,0.0,0.06075368,False
YouTube,STATEMENT_CATEGORY_UNSAFE_AND_PROHIBITED_PRODUCTS,ACCOUNT_TERMINATED,5369201,0,0.0,0.06075368,False
YouTube,STATEMENT_CATEGORY_UNSAFE_AND_PROHIBITED_PRODUCTS,ACCOUNT_SUSPENDED,5369201,0,0.0,0.06075368,False
YouTube,STATEMENT_CATEGORY_UNSAFE_AND_PROHIBITED_PRODUCTS,PROVISION_PARTIAL_SUSPENSION,5369201,0,0.0,0.06075368,False
YouTube,STATEMENT_CATEGORY_UNSAFE_AND_PROHIBITED_PRODUCTS,PROVISION_TOTAL_SUSPENSION,5369201,0,0.0,0.06075368,False
YouTube,STATEMENT_CATEGORY_UNSAFE_AND_PROHIBITED_PRODUCTS,MONETARY_TERMINATION,5369201,0,0.0,0.06075368,False
YouTube,STATEMENT_CATEGORY_UNSAFE_AND_PROHIBITED_PRODUCTS,MONETARY_SUSPENSION,5369201,0,0.0,0.06075368,False
YouTube,STATEMENT_CATEGORY_VIOLENCE,CONTENT_REMOVED,38898,38898,1.0,0.00044014,True
YouTube,STATEMENT_CATEGORY_VIOLENCE,VISIBILITY_OTHER,38898,0,0.0,0.00044014,True
YouTube,STATEMENT_CATEGORY_VIOLENCE,CONTENT_DISABLED,38898,0,0.0,0.00044014,True
YouTube,STATEMENT_CATEGORY_VIOLENCE,CONTENT_AGE_RESTRICTED,38898,0,0.0,0.00044014,True
YouTube,STATEMENT_CATEGORY_VIOLENCE,CONTENT_DEMOTED,38898,0,0.0,0.00044014,True
YouTube,STATEMENT_CATEGORY_VIOLENCE,CONTENT_INTERACTION_RESTRICTED,38898,0,0.0,0.00044014,True
YouTube,STATEMENT_CATEGORY_VIOLENCE,CONTENT_LABELLED,38898,0,0.0,0.00044014,True
YouTube,STATEMENT_CATEGORY_VIOLENCE,ACCOUNT_TERMINATED,38898,0,0.0,0.00044014,True
YouTube,STATEMENT_CATEGORY_VIOLENCE,ACCOUNT_SUSPENDED,38898,0,0.0,0.00044014,True
YouTube,STATEMENT_CATEGORY_VIOLENCE,PROVISION_PARTIAL_SUSPENSION,38898,0,0.0,0.00044014,True
YouTube,STATEMENT_CATEGORY_VIOLENCE,PROVISION_PARTIAL_TERMINATION,38898,0,0.0,0.00044014,True
YouTube,STATEMENT_CATEGORY_VIOLENCE,PROVISION_TOTAL_SUSPENSION,38898,0,0.0,0.00044014,True
YouTube,STATEMENT_CATEGORY_VIOLENCE,PROVISION_TOTAL_TERMINATION,38898,0,0.0,0.00044014,True
YouTube,STATEMENT_CATEGORY_VIOLENCE,MONETARY_TERMINATION,38898,0,0.0,0.00044014,True
YouTube,STATEMENT_CATEGORY_VIOLENCE,MONETARY_SUSPENSION,38898,0,0.0,0.00044014,True
